{
  "type": "FeatureCollection",
  "features": [
    {
      "type": "Feature",
      "geometry": {
        "type": "Polygon",
        "coordinates": [
          [
            [
              8.7956308,
              49.396254
            ],
            [
              8.7960713,
              49.3961071
            ],
            [
              8.7960394,
              49.3960662
            ],
            [
              8.7960381,
              49.3960091
            ],
            [
              8.7960864,
              49.3958511
            ],
            [
              8.7961187,
              49.3956757
            ],
            [
              8.7961957,
              49.3952561
            ],
            [
              8.7962448,
              49.3949886
            ],
            [
              8.7963088,
              49.3946057
            ],
            [
              8.796352,
              49.3944621
            ],
            [
              8.7964247,
              49.3943292
            ],
            [
              8.7966258,
              49.3940693
            ],
            [
              8.7968092,
              49.3938794
            ],
            [
              8.7970423,
              49.3936862
            ],
            [
              8.7970771,
              49.3936574
            ],
            [
              8.7971895,
              49.3935642
            ],
            [
              8.7972097,
              49.3935376
            ],
            [
              8.7972213,
              49.3935121
            ],
            [
              8.7972878,
              49.3934692
            ],
            [
              8.7972544,
              49.3934471
            ],
            [
              8.7973772,
              49.393326
            ],
            [
              8.7974327,
              49.3932977
            ],
            [
              8.797495,
              49.3932618
            ],
            [
              8.7975784,
              49.3932122
            ],
            [
              8.7976526,
              49.3931681
            ],
            [
              8.797765,
              49.3931221
            ],
            [
              8.7978522,
              49.3930568
            ],
            [
              8.7978931,
              49.3930281
            ],
            [
              8.7979452,
              49.3929935
            ],
            [
              8.7980519,
              49.3928541
            ],
            [
              8.7980675,
              49.3927368
            ],
            [
              8.7980809,
              49.3926357
            ],
            [
              8.7980815,
              49.3923824
            ],
            [
              8.7979421,
              49.39159
            ],
            [
              8.7978348,
              49.3909923
            ],
            [
              8.7978141,
              49.3908955
            ],
            [
              8.7978438,
              49.3908308
            ],
            [
              8.7978239,
              49.3907973
            ],
            [
              8.7978065,
              49.3906952
            ],
            [
              8.7978192,
              49.3906943
            ],
            [
              8.7978082,
              49.3906299
            ],
            [
              8.7978259,
              49.3906283
            ],
            [
              8.7978217,
              49.390606
            ],
            [
              8.7977254,
              49.3906117
            ],
            [
              8.7976988,
              49.3904239
            ],
            [
              8.7976801,
              49.3904252
            ],
            [
              8.7976633,
              49.3903213
            ],
            [
              8.7976416,
              49.3902732
            ],
            [
              8.7977566,
              49.3902338
            ],
            [
              8.7976039,
              49.3900373
            ],
            [
              8.7975153,
              49.3899233
            ],
            [
              8.7974471,
              49.3898355
            ],
            [
              8.797368,
              49.3897338
            ],
            [
              8.7972836,
              49.3896251
            ],
            [
              8.797198,
              49.389515
            ],
            [
              8.7971525,
              49.3894565
            ],
            [
              8.7970866,
              49.3893716
            ],
            [
              8.7969827,
              49.389256
            ],
            [
              8.7968325,
              49.3890616
            ],
            [
              8.7966943,
              49.3889001
            ],
            [
              8.7966245,
              49.388788
            ],
            [
              8.7965186,
              49.3885727
            ],
            [
              8.7963548,
              49.3883359
            ],
            [
              8.7962762,
              49.3881642
            ],
            [
              8.7962755,
              49.3881041
            ],
            [
              8.7960951,
              49.3881027
            ],
            [
              8.7961171,
              49.3882538
            ],
            [
              8.7961853,
              49.3883672
            ],
            [
              8.7962865,
              49.3886093
            ],
            [
              8.7964831,
              49.3888714
            ],
            [
              8.7965409,
              49.3890105
            ],
            [
              8.7966038,
              49.3891001
            ],
            [
              8.7966371,
              49.3891713
            ],
            [
              8.7967238,
              49.3892748
            ],
            [
              8.7968334,
              49.389366
            ],
            [
              8.7969299,
              49.3895328
            ],
            [
              8.7970528,
              49.3896237
            ],
            [
              8.7971518,
              49.3897193
            ],
            [
              8.7972169,
              49.3898405
            ],
            [
              8.7972354,
              49.3899437
            ],
            [
              8.7972587,
              49.3900809
            ],
            [
              8.7973699,
              49.3903247
            ],
            [
              8.7975334,
              49.3906602
            ],
            [
              8.79759,
              49.3907983
            ],
            [
              8.7975986,
              49.3909699
            ],
            [
              8.7976275,
              49.391269
            ],
            [
              8.7976995,
              49.3914359
            ],
            [
              8.797733,
              49.3916063
            ],
            [
              8.7977725,
              49.3918471
            ],
            [
              8.7978457,
              49.3922928
            ],
            [
              8.7978509,
              49.3926235
            ],
            [
              8.7978353,
              49.3928537
            ],
            [
              8.7977407,
              49.3929615
            ],
            [
              8.7976583,
              49.3930456
            ],
            [
              8.7975524,
              49.3930914
            ],
            [
              8.7973758,
              49.3931834
            ],
            [
              8.7970388,
              49.3933575
            ],
            [
              8.7967997,
              49.3936383
            ],
            [
              8.7966272,
              49.3938106
            ],
            [
              8.7963849,
              49.3940294
            ],
            [
              8.7962966,
              49.3941408
            ],
            [
              8.7962218,
              49.3942155
            ],
            [
              8.7961205,
              49.3944718
            ],
            [
              8.7960926,
              49.3945423
            ],
            [
              8.7960422,
              49.3947695
            ],
            [
              8.7960371,
              49.3947925
            ],
            [
              8.795994,
              49.3949866
            ],
            [
              8.7959415,
              49.3952195
            ],
            [
              8.7959092,
              49.3954502
            ],
            [
              8.7958525,
              49.3957723
            ],
            [
              8.795825,
              49.3959282
            ],
            [
              8.7957885,
              49.3960487
            ],
            [
              8.7956736,
              49.396211
            ],
            [
              8.7956308,
              49.396254
            ]
          ]
        ]
      },
      "properties": {
        "osm_id": 25076541,
        "beschränkung": "Kostenfrei",
        "natural": "water",
        "water": "river"
      }
    },
    {
      "type": "Feature",
      "geometry": {
        "type": "Polygon",
        "coordinates": [
          [
            [
              8.8097012,
              49.3939905
            ],
            [
              8.8097978,
              49.3941914
            ],
            [
              8.8098787,
              49.3942504
            ],
            [
              8.8099687,
              49.3942315
            ],
            [
              8.8099762,
              49.3942445
            ],
            [
              8.8100283,
              49.3942334
            ],
            [
              8.8100408,
              49.3941389
            ],
            [
              8.8101578,
              49.3941164
            ],
            [
              8.8102171,
              49.3941502
            ],
            [
              8.8103826,
              49.3941161
            ],
            [
              8.8102773,
              49.3938971
            ],
            [
              8.8101138,
              49.3939323
            ],
            [
              8.8101005,
              49.3939066
            ],
            [
              8.8097012,
              49.3939905
            ]
          ]
        ]
      },
      "properties": {
        "osm_id": 35899350,
        "beschränkung": "Zahlungspflichtig",
        "access": "customers",
        "description": "Nichtschwimmerbecken",
        "leisure": "swimming_pool",
        "operator": "Stadt Neckargemünd",
        "source": "HiRes aerial imagery",
        "sport": "swimming",
        "wheelchair": "yes"
      }
    },
    {
      "type": "Feature",
      "geometry": {
        "type": "Polygon",
        "coordinates": [
          [
            [
              8.8093722,
              49.3943744
            ],
            [
              8.8093862,
              49.3944065
            ],
            [
              8.8094373,
              49.394422
            ],
            [
              8.8094873,
              49.3944109
            ],
            [
              8.809519,
              49.3944169
            ],
            [
              8.8095311,
              49.3944395
            ],
            [
              8.8095601,
              49.3944496
            ],
            [
              8.8095976,
              49.3944417
            ],
            [
              8.8096123,
              49.3944237
            ],
            [
              8.8096032,
              49.3944016
            ],
            [
              8.8095728,
              49.3943899
            ],
            [
              8.8095404,
              49.3943951
            ],
            [
              8.8095084,
              49.3943839
            ],
            [
              8.8094956,
              49.3943476
            ],
            [
              8.8094477,
              49.3943313
            ],
            [
              8.809396,
              49.3943418
            ],
            [
              8.8093722,
              49.3943744
            ]
          ]
        ]
      },
      "properties": {
        "osm_id": 35899352,
        "beschränkung": "Zahlungspflichtig",
        "access": "customers",
        "description": "Babybecken",
        "leisure": "swimming_pool",
        "source:geometry": "HiRes aerial imagery",
        "wheelchair": "yes"
      }
    },
    {
      "type": "Feature",
      "geometry": {
        "type": "Polygon",
        "coordinates": [
          [
            [
              8.8093138,
              49.3939903
            ],
            [
              8.8096929,
              49.3939062
            ],
            [
              8.8097221,
              49.3938641
            ],
            [
              8.8097023,
              49.393824
            ],
            [
              8.810119,
              49.393739
            ],
            [
              8.8101098,
              49.3937209
            ],
            [
              8.8101758,
              49.3937081
            ],
            [
              8.8102071,
              49.3936724
            ],
            [
              8.8102391,
              49.3936724
            ],
            [
              8.810239,
              49.3937263
            ],
            [
              8.8103796,
              49.3937251
            ],
            [
              8.810391,
              49.3937343
            ],
            [
              8.8105871,
              49.3936927
            ],
            [
              8.8105912,
              49.3936404
            ],
            [
              8.8105334,
              49.393559
            ],
            [
              8.8103659,
              49.3934945
            ],
            [
              8.8101447,
              49.3935423
            ],
            [
              8.8101351,
              49.3936684
            ],
            [
              8.8100886,
              49.3936768
            ],
            [
              8.8100353,
              49.3935646
            ],
            [
              8.8098758,
              49.3935979
            ],
            [
              8.8098625,
              49.3935673
            ],
            [
              8.8094661,
              49.3936517
            ],
            [
              8.8094806,
              49.3936817
            ],
            [
              8.8093792,
              49.3937029
            ],
            [
              8.809471,
              49.3938855
            ],
            [
              8.8094655,
              49.3938865
            ],
            [
              8.809433,
              49.3938195
            ],
            [
              8.8092485,
              49.3938581
            ],
            [
              8.8093138,
              49.3939903
            ]
          ]
        ]
      },
      "properties": {
        "osm_id": 35899353,
        "beschränkung": "Zahlungspflichtig",
        "access": "customers",
        "description": "Naturwasserbecken; Schwimmerbecken; Springerbecken",
        "leisure": "swimming_pool",
        "operator": "Stadt Neckargemünd",
        "sport": "swimming",
        "toilets:wheelchair": "yes",
        "wheelchair": "yes"
      }
    },
    {
      "type": "Feature",
      "geometry": {
        "type": "Polygon",
        "coordinates": [
          [
            [
              8.7673114,
              49.3773848
            ],
            [
              8.767271,
              49.3773607
            ],
            [
              8.7672136,
              49.3773265
            ],
            [
              8.7671931,
              49.3773467
            ],
            [
              8.7671537,
              49.3773966
            ],
            [
              8.7671287,
              49.3774336
            ],
            [
              8.7671044,
              49.3774835
            ],
            [
              8.7670999,
              49.37752
            ],
            [
              8.7671022,
              49.3775422
            ],
            [
              8.7671183,
              49.3775467
            ],
            [
              8.7671287,
              49.3775496
            ],
            [
              8.7671416,
              49.3775402
            ],
            [
              8.7671605,
              49.3775165
            ],
            [
              8.7671825,
              49.3774953
            ],
            [
              8.7672166,
              49.3774687
            ],
            [
              8.7672705,
              49.3774178
            ],
            [
              8.7673114,
              49.3773848
            ]
          ]
        ]
      },
      "properties": {
        "osm_id": 124470341,
        "beschränkung": "Kostenfrei",
        "description": "Feuerlöschteich",
        "emergency": "fire_water_pond",
        "natural": "water",
        "source:geometry": "HiRes aerial imagery"
      }
    },
    {
      "type": "Feature",
      "geometry": {
        "type": "Polygon",
        "coordinates": [
          [
            [
              8.787951,
              49.3802012
            ],
            [
              8.7881278,
              49.3803352
            ],
            [
              8.7883488,
              49.3805007
            ],
            [
              8.788479,
              49.3805943
            ],
            [
              8.7885455,
              49.3806806
            ],
            [
              8.7885523,
              49.3806964
            ],
            [
              8.7885549,
              49.3807024
            ],
            [
              8.7885615,
              49.3807746
            ],
            [
              8.7884497,
              49.3807773
            ],
            [
              8.7884193,
              49.3809263
            ],
            [
              8.7884681,
              49.3809294
            ],
            [
              8.7885311,
              49.3809377
            ],
            [
              8.7885243,
              49.3810002
            ],
            [
              8.7885356,
              49.381081
            ],
            [
              8.7886548,
              49.3812414
            ],
            [
              8.7886396,
              49.3812596
            ],
            [
              8.7885224,
              49.3813099
            ],
            [
              8.7884552,
              49.381284
            ],
            [
              8.7883995,
              49.381212
            ],
            [
              8.7882802,
              49.381156
            ],
            [
              8.7882129,
              49.3811094
            ],
            [
              8.7881738,
              49.3810585
            ],
            [
              8.7881478,
              49.3809766
            ],
            [
              8.7881247,
              49.3808499
            ],
            [
              8.7880733,
              49.3807872
            ],
            [
              8.7880102,
              49.3807516
            ],
            [
              8.7879035,
              49.3805656
            ],
            [
              8.7876726,
              49.380343
            ],
            [
              8.7875578,
              49.3801987
            ],
            [
              8.7874263,
              49.3799468
            ],
            [
              8.7873724,
              49.3797804
            ],
            [
              8.7873223,
              49.3796834
            ],
            [
              8.7872647,
              49.3795635
            ],
            [
              8.7871933,
              49.3794363
            ],
            [
              8.7870944,
              49.379296
            ],
            [
              8.7870129,
              49.3791859
            ],
            [
              8.7869102,
              49.3791044
            ],
            [
              8.7868426,
              49.3789617
            ],
            [
              8.7870305,
              49.3789552
            ],
            [
              8.7871595,
              49.379075
            ],
            [
              8.7872584,
              49.3792169
            ],
            [
              8.7873749,
              49.3793482
            ],
            [
              8.7874801,
              49.3794926
            ],
            [
              8.7875478,
              49.3796516
            ],
            [
              8.7876442,
              49.379844
            ],
            [
              8.7877369,
              49.3799949
            ],
            [
              8.7878108,
              49.3801245
            ],
            [
              8.787951,
              49.3802012
            ]
          ]
        ]
      },
      "properties": {
        "osm_id": 131750071,
        "beschränkung": "Kostenfrei",
        "natural": "water",
        "water": "river"
      }
    },
    {
      "type": "Feature",
      "geometry": {
        "type": "Polygon",
        "coordinates": [
          [
            [
              8.7960951,
              49.3881027
            ],
            [
              8.7960387,
              49.3879636
            ],
            [
              8.7960124,
              49.3878325
            ],
            [
              8.7958584,
              49.3876977
            ],
            [
              8.7957557,
              49.3876132
            ],
            [
              8.7957537,
              49.3875043
            ],
            [
              8.7956614,
              49.3873973
            ],
            [
              8.7955081,
              49.3872316
            ],
            [
              8.7953868,
              49.3871644
            ],
            [
              8.7953638,
              49.3871005
            ],
            [
              8.7953097,
              49.3868943
            ],
            [
              8.7953377,
              49.3867886
            ],
            [
              8.7953157,
              49.3866882
            ],
            [
              8.7951924,
              49.3864703
            ],
            [
              8.7951413,
              49.3863091
            ],
            [
              8.7950581,
              49.3861747
            ],
            [
              8.794998,
              49.3860358
            ],
            [
              8.7948948,
              49.3859334
            ],
            [
              8.7948107,
              49.3857707
            ],
            [
              8.7947294,
              49.3857155
            ],
            [
              8.7946012,
              49.3856283
            ],
            [
              8.794338,
              49.3854635
            ],
            [
              8.7940371,
              49.3853958
            ],
            [
              8.7939097,
              49.3853309
            ],
            [
              8.7937681,
              49.3852769
            ],
            [
              8.7937337,
              49.3851792
            ],
            [
              8.7937966,
              49.3850766
            ],
            [
              8.7938812,
              49.3849337
            ],
            [
              8.7938519,
              49.3848486
            ],
            [
              8.793732,
              49.3848006
            ],
            [
              8.7935694,
              49.3847635
            ],
            [
              8.7933532,
              49.3847384
            ],
            [
              8.7932107,
              49.3847378
            ],
            [
              8.7930649,
              49.3847416
            ],
            [
              8.7929872,
              49.3847494
            ],
            [
              8.792836,
              49.3847645
            ],
            [
              8.7927406,
              49.3847578
            ],
            [
              8.7924495,
              49.384693
            ],
            [
              8.7923338,
              49.3846082
            ],
            [
              8.7920852,
              49.3844462
            ],
            [
              8.7918933,
              49.3842768
            ],
            [
              8.791832,
              49.3842181
            ],
            [
              8.7917882,
              49.3841776
            ],
            [
              8.7917707,
              49.3841126
            ],
            [
              8.7918017,
              49.38401
            ],
            [
              8.7918644,
              49.3838794
            ],
            [
              8.7918948,
              49.3837844
            ],
            [
              8.7918859,
              49.3836975
            ],
            [
              8.791816,
              49.3836188
            ],
            [
              8.7916591,
              49.3835138
            ],
            [
              8.7914027,
              49.3834249
            ],
            [
              8.791226,
              49.3833874
            ],
            [
              8.7910547,
              49.3833576
            ],
            [
              8.7909137,
              49.3833128
            ],
            [
              8.7905799,
              49.3832399
            ],
            [
              8.7901605,
              49.3830631
            ],
            [
              8.7898805,
              49.3829638
            ],
            [
              8.7897008,
              49.3828151
            ],
            [
              8.7895763,
              49.3826799
            ],
            [
              8.7893938,
              49.3825595
            ],
            [
              8.7891745,
              49.3823687
            ],
            [
              8.7890159,
              49.3822158
            ],
            [
              8.7888975,
              49.3821081
            ],
            [
              8.7888212,
              49.3820141
            ],
            [
              8.7887437,
              49.3819313
            ],
            [
              8.7886821,
              49.3818079
            ],
            [
              8.7886016,
              49.3816794
            ],
            [
              8.7885916,
              49.3815139
            ],
            [
              8.7885306,
              49.3813686
            ],
            [
              8.7885224,
              49.3813099
            ],
            [
              8.7886396,
              49.3812596
            ],
            [
              8.7886897,
              49.3813868
            ],
            [
              8.7887548,
              49.3815419
            ],
            [
              8.7887718,
              49.3816305
            ],
            [
              8.7888489,
              49.3816976
            ],
            [
              8.788954,
              49.3818149
            ],
            [
              8.789007,
              49.3819146
            ],
            [
              8.789039,
              49.3820182
            ],
            [
              8.7890821,
              49.3821016
            ],
            [
              8.7892132,
              49.3822287
            ],
            [
              8.7893233,
              49.3822848
            ],
            [
              8.7894875,
              49.3824548
            ],
            [
              8.7896326,
              49.3825506
            ],
            [
              8.7898768,
              49.3827239
            ],
            [
              8.7901441,
              49.3828934
            ],
            [
              8.7903833,
              49.3829918
            ],
            [
              8.7906926,
              49.383141
            ],
            [
              8.7912781,
              49.3832804
            ],
            [
              8.7915624,
              49.3833254
            ],
            [
              8.7917776,
              49.3834055
            ],
            [
              8.7919408,
              49.3835176
            ],
            [
              8.7920479,
              49.3836114
            ],
            [
              8.7920819,
              49.383687
            ],
            [
              8.7921109,
              49.38379
            ],
            [
              8.7921229,
              49.3838845
            ],
            [
              8.7920509,
              49.383964
            ],
            [
              8.7919858,
              49.3840141
            ],
            [
              8.7919738,
              49.3840884
            ],
            [
              8.7920379,
              49.3841842
            ],
            [
              8.792185,
              49.3843328
            ],
            [
              8.7923942,
              49.3845028
            ],
            [
              8.7925153,
              49.3845953
            ],
            [
              8.7927876,
              49.3846683
            ],
            [
              8.7929958,
              49.3846559
            ],
            [
              8.7933691,
              49.3846058
            ],
            [
              8.7936756,
              49.3846407
            ],
            [
              8.7939774,
              49.3847191
            ],
            [
              8.7940697,
              49.3848148
            ],
            [
              8.7940635,
              49.3849589
            ],
            [
              8.7939954,
              49.3850592
            ],
            [
              8.7939504,
              49.3851387
            ],
            [
              8.7939714,
              49.3851837
            ],
            [
              8.7941246,
              49.3852475
            ],
            [
              8.7944208,
              49.3853401
            ],
            [
              8.794584,
              49.385413
            ],
            [
              8.7948272,
              49.3856027
            ],
            [
              8.7949644,
              49.3856997
            ],
            [
              8.7950645,
              49.3858248
            ],
            [
              8.7951846,
              49.3860575
            ],
            [
              8.7952506,
              49.3861591
            ],
            [
              8.7953097,
              49.3863292
            ],
            [
              8.7954088,
              49.3864836
            ],
            [
              8.7955067,
              49.3867028
            ],
            [
              8.795547,
              49.3867966
            ],
            [
              8.7955905,
              49.3868978
            ],
            [
              8.79562,
              49.3869664
            ],
            [
              8.7956817,
              49.3870924
            ],
            [
              8.795769,
              49.3872112
            ],
            [
              8.7959194,
              49.3874012
            ],
            [
              8.796124,
              49.3876011
            ],
            [
              8.7962058,
              49.3876811
            ],
            [
              8.7962516,
              49.387872
            ],
            [
              8.7962806,
              49.3879932
            ],
            [
              8.7962716,
              49.388076
            ],
            [
              8.7962755,
              49.3881041
            ],
            [
              8.7960951,
              49.3881027
            ]
          ]
        ]
      },
      "properties": {
        "osm_id": 132265480,
        "beschränkung": "Kostenfrei",
        "natural": "water",
        "water": "river"
      }
    },
    {
      "type": "Feature",
      "geometry": {
        "type": "Polygon",
        "coordinates": [
          [
            [
              8.7879926,
              49.3732355
            ],
            [
              8.7882601,
              49.373973
            ],
            [
              8.7882649,
              49.3741527
            ],
            [
              8.7881978,
              49.3743387
            ],
            [
              8.7882016,
              49.3744704
            ],
            [
              8.7881132,
              49.3745345
            ],
            [
              8.7881001,
              49.3745761
            ],
            [
              8.7878698,
              49.3747216
            ],
            [
              8.787739,
              49.374919
            ],
            [
              8.787759,
              49.3751128
            ],
            [
              8.7878582,
              49.3753141
            ],
            [
              8.7878797,
              49.3754991
            ],
            [
              8.7878282,
              49.3755822
            ],
            [
              8.7876822,
              49.3757231
            ],
            [
              8.7875915,
              49.3758563
            ],
            [
              8.7875827,
              49.375866
            ],
            [
              8.7874859,
              49.3759729
            ],
            [
              8.7873957,
              49.3762223
            ],
            [
              8.7872624,
              49.3764656
            ],
            [
              8.7871281,
              49.3768048
            ],
            [
              8.7871197,
              49.3771031
            ],
            [
              8.7870818,
              49.3772589
            ],
            [
              8.7870559,
              49.3773069
            ],
            [
              8.7870163,
              49.3773349
            ],
            [
              8.7869681,
              49.3774447
            ],
            [
              8.7869597,
              49.3775201
            ],
            [
              8.7869374,
              49.377568
            ],
            [
              8.7868494,
              49.3776223
            ],
            [
              8.786793,
              49.3776758
            ],
            [
              8.7867442,
              49.3777923
            ],
            [
              8.7867292,
              49.3778304
            ],
            [
              8.7866895,
              49.3778668
            ],
            [
              8.7866498,
              49.3778948
            ],
            [
              8.7866052,
              49.3779645
            ],
            [
              8.7865233,
              49.3780947
            ],
            [
              8.7864892,
              49.3781896
            ],
            [
              8.7864891,
              49.3782926
            ],
            [
              8.7865082,
              49.3784094
            ],
            [
              8.7865647,
              49.3785171
            ],
            [
              8.7866029,
              49.3786127
            ],
            [
              8.7866686,
              49.3787108
            ],
            [
              8.7867037,
              49.3787872
            ],
            [
              8.7867645,
              49.3788848
            ],
            [
              8.7868426,
              49.3789617
            ],
            [
              8.7870305,
              49.3789552
            ],
            [
              8.786928,
              49.3788236
            ],
            [
              8.7869083,
              49.3787508
            ],
            [
              8.7868635,
              49.3786503
            ],
            [
              8.7867958,
              49.3785459
            ],
            [
              8.7867338,
              49.3784595
            ],
            [
              8.7866864,
              49.3783446
            ],
            [
              8.7866914,
              49.3782057
            ],
            [
              8.7867361,
              49.378123
            ],
            [
              8.7867732,
              49.3780943
            ],
            [
              8.7867885,
              49.3780568
            ],
            [
              8.7868014,
              49.3780246
            ],
            [
              8.7868473,
              49.3779936
            ],
            [
              8.786868,
              49.3779079
            ],
            [
              8.7869127,
              49.3778424
            ],
            [
              8.7869477,
              49.3777941
            ],
            [
              8.7870397,
              49.377726
            ],
            [
              8.7870846,
              49.3776657
            ],
            [
              8.7871009,
              49.3776099
            ],
            [
              8.7871318,
              49.3775465
            ],
            [
              8.7871729,
              49.3774678
            ],
            [
              8.7872218,
              49.3773854
            ],
            [
              8.7872375,
              49.3773259
            ],
            [
              8.7872479,
              49.3773112
            ],
            [
              8.7872738,
              49.3772206
            ],
            [
              8.7872925,
              49.3771404
            ],
            [
              8.7873101,
              49.3770709
            ],
            [
              8.7873231,
              49.3769948
            ],
            [
              8.7873196,
              49.3769109
            ],
            [
              8.7873249,
              49.3768673
            ],
            [
              8.7873825,
              49.3767719
            ],
            [
              8.7874129,
              49.3766882
            ],
            [
              8.7874426,
              49.3766499
            ],
            [
              8.787438,
              49.376612
            ],
            [
              8.7874514,
              49.3766011
            ],
            [
              8.7874717,
              49.3765841
            ],
            [
              8.7874813,
              49.3765616
            ],
            [
              8.7874776,
              49.3765289
            ],
            [
              8.7874919,
              49.3765128
            ],
            [
              8.7875117,
              49.3764404
            ],
            [
              8.7875365,
              49.3763886
            ],
            [
              8.7875407,
              49.376368
            ],
            [
              8.7875424,
              49.3763217
            ],
            [
              8.7875563,
              49.3762943
            ],
            [
              8.7875782,
              49.37626
            ],
            [
              8.7875798,
              49.3762279
            ],
            [
              8.7875958,
              49.3761928
            ],
            [
              8.7876222,
              49.3761407
            ],
            [
              8.7876485,
              49.3761054
            ],
            [
              8.787672,
              49.3760938
            ],
            [
              8.7876778,
              49.376081
            ],
            [
              8.7876831,
              49.3760383
            ],
            [
              8.7877074,
              49.3759946
            ],
            [
              8.7877379,
              49.3759686
            ],
            [
              8.7877387,
              49.3759474
            ],
            [
              8.7877556,
              49.3759285
            ],
            [
              8.7877822,
              49.3758861
            ],
            [
              8.7878128,
              49.3758741
            ],
            [
              8.7878443,
              49.375825
            ],
            [
              8.7878773,
              49.375805
            ],
            [
              8.7879033,
              49.3757768
            ],
            [
              8.7879512,
              49.3756974
            ],
            [
              8.7880079,
              49.3756498
            ],
            [
              8.7880083,
              49.3756123
            ],
            [
              8.7880711,
              49.3755422
            ],
            [
              8.7881296,
              49.3754716
            ],
            [
              8.7881388,
              49.3753735
            ],
            [
              8.7881203,
              49.3752536
            ],
            [
              8.7880544,
              49.3751749
            ],
            [
              8.7879736,
              49.3750713
            ],
            [
              8.787949,
              49.3749916
            ],
            [
              8.7879998,
              49.374948
            ],
            [
              8.7880275,
              49.3748854
            ],
            [
              8.7880829,
              49.3748188
            ],
            [
              8.7882321,
              49.3746986
            ],
            [
              8.7882809,
              49.3745926
            ],
            [
              8.7883193,
              49.3745275
            ],
            [
              8.7883893,
              49.3744904
            ],
            [
              8.7884217,
              49.3744253
            ],
            [
              8.7884332,
              49.3743231
            ],
            [
              8.7885005,
              49.3742259
            ],
            [
              8.7885091,
              49.3741408
            ],
            [
              8.7884957,
              49.3740531
            ],
            [
              8.7884745,
              49.3739485
            ],
            [
              8.7884332,
              49.3738252
            ],
            [
              8.7883861,
              49.3737425
            ],
            [
              8.7884063,
              49.3736386
            ],
            [
              8.7883755,
              49.3735378
            ],
            [
              8.7883111,
              49.3734301
            ],
            [
              8.7882553,
              49.3732867
            ],
            [
              8.7882219,
              49.3731908
            ],
            [
              8.7882047,
              49.3730726
            ],
            [
              8.7881491,
              49.3729209
            ],
            [
              8.7881185,
              49.3728083
            ],
            [
              8.7881428,
              49.3727063
            ],
            [
              8.7881631,
              49.3726209
            ],
            [
              8.7882259,
              49.3724381
            ],
            [
              8.7882748,
              49.3722817
            ],
            [
              8.7883506,
              49.3721879
            ],
            [
              8.7884189,
              49.3721717
            ],
            [
              8.7884586,
              49.3721428
            ],
            [
              8.7885149,
              49.3720905
            ],
            [
              8.7885694,
              49.3719642
            ],
            [
              8.7885814,
              49.3719083
            ],
            [
              8.7885482,
              49.3718259
            ],
            [
              8.7884826,
              49.3717279
            ],
            [
              8.7883857,
              49.3715914
            ],
            [
              8.7883321,
              49.3715253
            ],
            [
              8.7883071,
              49.3714886
            ],
            [
              8.7882989,
              49.3714766
            ],
            [
              8.7883303,
              49.3714267
            ],
            [
              8.7883764,
              49.3713714
            ],
            [
              8.7883995,
              49.3713178
            ],
            [
              8.7884595,
              49.3712319
            ],
            [
              8.7884678,
              49.3711801
            ],
            [
              8.7885177,
              49.3711687
            ],
            [
              8.7885639,
              49.3710966
            ],
            [
              8.7886276,
              49.3710791
            ],
            [
              8.7886581,
              49.3710509
            ],
            [
              8.7886821,
              49.3710388
            ],
            [
              8.7887043,
              49.371004
            ],
            [
              8.7887403,
              49.3709781
            ],
            [
              8.7887911,
              49.3709522
            ],
            [
              8.7888594,
              49.3709246
            ],
            [
              8.7888797,
              49.3709216
            ],
            [
              8.788901,
              49.370915
            ],
            [
              8.788949,
              49.3709077
            ],
            [
              8.7889637,
              49.3708975
            ],
            [
              8.7890164,
              49.3708807
            ],
            [
              8.7890819,
              49.3708464
            ],
            [
              8.7891097,
              49.3707941
            ],
            [
              8.7891494,
              49.3707159
            ],
            [
              8.7891992,
              49.3705385
            ],
            [
              8.7892297,
              49.3704086
            ],
            [
              8.78925,
              49.3703437
            ],
            [
              8.7892334,
              49.3702625
            ],
            [
              8.7892343,
              49.3702006
            ],
            [
              8.7892066,
              49.3701026
            ],
            [
              8.7892149,
              49.3700316
            ],
            [
              8.789202,
              49.3699745
            ],
            [
              8.7891558,
              49.3698885
            ],
            [
              8.7891623,
              49.3698542
            ],
            [
              8.7891651,
              49.3698127
            ],
            [
              8.7891512,
              49.3697887
            ],
            [
              8.7891512,
              49.3697724
            ],
            [
              8.7891651,
              49.3697604
            ],
            [
              8.7891604,
              49.3697388
            ],
            [
              8.7891688,
              49.3696997
            ],
            [
              8.789166,
              49.3695566
            ],
            [
              8.7891983,
              49.3694441
            ],
            [
              8.7891891,
              49.369375
            ],
            [
              8.7892685,
              49.3691182
            ],
            [
              8.7892676,
              49.3690286
            ],
            [
              8.7893082,
              49.3688512
            ],
            [
              8.7893073,
              49.3687592
            ],
            [
              8.7891011,
              49.3687539
            ],
            [
              8.7890457,
              49.3690098
            ],
            [
              8.7890117,
              49.3692552
            ],
            [
              8.7889829,
              49.369347
            ],
            [
              8.7889811,
              49.36936
            ],
            [
              8.7889504,
              49.3695861
            ],
            [
              8.7889615,
              49.3698267
            ],
            [
              8.788946,
              49.3698902
            ],
            [
              8.7889586,
              49.369957
            ],
            [
              8.7889683,
              49.3700153
            ],
            [
              8.7889852,
              49.3701167
            ],
            [
              8.789028,
              49.3702284
            ],
            [
              8.7890406,
              49.3703337
            ],
            [
              8.7890361,
              49.3704179
            ],
            [
              8.7889896,
              49.3705507
            ],
            [
              8.7889881,
              49.3705997
            ],
            [
              8.788946,
              49.3706637
            ],
            [
              8.7889283,
              49.370746
            ],
            [
              8.7889024,
              49.370771
            ],
            [
              8.7887347,
              49.3708354
            ],
            [
              8.788587,
              49.370859
            ],
            [
              8.7885072,
              49.3708937
            ],
            [
              8.7883397,
              49.3710244
            ],
            [
              8.788147,
              49.371326
            ],
            [
              8.7880941,
              49.3715625
            ],
            [
              8.7881206,
              49.371614
            ],
            [
              8.7881622,
              49.3716662
            ],
            [
              8.7882421,
              49.3719093
            ],
            [
              8.7882148,
              49.3719967
            ],
            [
              8.7880775,
              49.3721429
            ],
            [
              8.7880084,
              49.3721623
            ],
            [
              8.7879418,
              49.3723317
            ],
            [
              8.7878872,
              49.3727228
            ],
            [
              8.787892,
              49.3729096
            ],
            [
              8.7879926,
              49.3732355
            ]
          ]
        ]
      },
      "properties": {
        "osm_id": 132265493,
        "beschränkung": "Kostenfrei",
        "natural": "water",
        "water": "river"
      }
    },
    {
      "type": "Feature",
      "geometry": {
        "type": "Polygon",
        "coordinates": [
          [
            [
              8.7764547,
              49.4088602
            ],
            [
              8.7765498,
              49.4088593
            ],
            [
              8.7766127,
              49.408909
            ],
            [
              8.776766,
              49.4086782
            ],
            [
              8.7768245,
              49.4086937
            ],
            [
              8.7766647,
              49.4089203
            ],
            [
              8.7767514,
              49.4089222
            ],
            [
              8.7768044,
              49.4089625
            ],
            [
              8.7774433,
              49.4080801
            ],
            [
              8.777478,
              49.4080902
            ],
            [
              8.7768093,
              49.4090709
            ],
            [
              8.7766266,
              49.4092897
            ],
            [
              8.7761597,
              49.4099595
            ],
            [
              8.7761297,
              49.4100428
            ],
            [
              8.7760787,
              49.4101213
            ],
            [
              8.7774474,
              49.4105172
            ],
            [
              8.7775388,
              49.4104647
            ],
            [
              8.7776155,
              49.4103475
            ],
            [
              8.7776494,
              49.4102976
            ],
            [
              8.7778313,
              49.4100299
            ],
            [
              8.7780324,
              49.4097338
            ],
            [
              8.7781827,
              49.4095987
            ],
            [
              8.7783133,
              49.4093525
            ],
            [
              8.7786343,
              49.4089627
            ],
            [
              8.7789581,
              49.4084995
            ],
            [
              8.779225,
              49.4078807
            ],
            [
              8.7795705,
              49.4071604
            ],
            [
              8.7798751,
              49.4065253
            ],
            [
              8.7800983,
              49.405964
            ],
            [
              8.7801691,
              49.4053279
            ],
            [
              8.780067,
              49.4046436
            ],
            [
              8.7800154,
              49.4042976
            ],
            [
              8.7793929,
              49.4028525
            ],
            [
              8.7788799,
              49.4016779
            ],
            [
              8.7786151,
              49.4010749
            ],
            [
              8.7783918,
              49.4005663
            ],
            [
              8.7779949,
              49.3996623
            ],
            [
              8.777668,
              49.399026
            ],
            [
              8.7771609,
              49.3980386
            ],
            [
              8.7763524,
              49.3966974
            ],
            [
              8.7761554,
              49.3962791
            ],
            [
              8.7761164,
              49.3961769
            ],
            [
              8.7760723,
              49.3960612
            ],
            [
              8.7760367,
              49.3959332
            ],
            [
              8.7760232,
              49.3957782
            ],
            [
              8.7760342,
              49.395632
            ],
            [
              8.7760842,
              49.3954572
            ],
            [
              8.7761257,
              49.3953248
            ],
            [
              8.7762376,
              49.3950998
            ],
            [
              8.7763757,
              49.3949122
            ],
            [
              8.7764833,
              49.3948025
            ],
            [
              8.7766376,
              49.3946259
            ],
            [
              8.7767825,
              49.3945057
            ],
            [
              8.7769215,
              49.3944561
            ],
            [
              8.7771849,
              49.3943672
            ],
            [
              8.7775493,
              49.3942595
            ],
            [
              8.7778393,
              49.3942174
            ],
            [
              8.7781941,
              49.3942157
            ],
            [
              8.7784522,
              49.3942327
            ],
            [
              8.779392,
              49.3943162
            ],
            [
              8.7795503,
              49.3943438
            ],
            [
              8.7797998,
              49.3943872
            ],
            [
              8.7813281,
              49.394739
            ],
            [
              8.7829244,
              49.395227
            ],
            [
              8.7840619,
              49.3955366
            ],
            [
              8.7842319,
              49.3955934
            ],
            [
              8.7848515,
              49.395739
            ],
            [
              8.7853593,
              49.3958991
            ],
            [
              8.7866724,
              49.3961728
            ],
            [
              8.7879117,
              49.396416
            ],
            [
              8.7887774,
              49.3966271
            ],
            [
              8.7897214,
              49.3968338
            ],
            [
              8.790737,
              49.3970667
            ],
            [
              8.7914506,
              49.3971934
            ],
            [
              8.7921037,
              49.3973084
            ],
            [
              8.793173,
              49.3974787
            ],
            [
              8.7936115,
              49.3975486
            ],
            [
              8.7945107,
              49.3976374
            ],
            [
              8.7952534,
              49.3975894
            ],
            [
              8.7962929,
              49.3973374
            ],
            [
              8.7986279,
              49.3963896
            ],
            [
              8.79996,
              49.3958662
            ],
            [
              8.8022298,
              49.3949366
            ],
            [
              8.8040259,
              49.3942897
            ],
            [
              8.8053719,
              49.3938373
            ],
            [
              8.8061139,
              49.393609
            ],
            [
              8.8066758,
              49.3934467
            ],
            [
              8.8082381,
              49.3929419
            ],
            [
              8.8091944,
              49.3926711
            ],
            [
              8.8099428,
              49.3925782
            ],
            [
              8.811042,
              49.3925256
            ],
            [
              8.8125629,
              49.3925588
            ],
            [
              8.8135231,
              49.3926142
            ],
            [
              8.8143856,
              49.3926639
            ],
            [
              8.8164132,
              49.392868
            ],
            [
              8.8175651,
              49.3930358
            ],
            [
              8.8177785,
              49.3930918
            ],
            [
              8.8184128,
              49.3932581
            ],
            [
              8.8188103,
              49.3934804
            ],
            [
              8.8195897,
              49.3939412
            ],
            [
              8.8196409,
              49.3939845
            ],
            [
              8.8201268,
              49.3943959
            ],
            [
              8.8209093,
              49.3952689
            ],
            [
              8.8214009,
              49.3957767
            ],
            [
              8.8219774,
              49.3963723
            ],
            [
              8.8226058,
              49.3972344
            ],
            [
              8.8229451,
              49.3976998
            ],
            [
              8.8230984,
              49.3979102
            ],
            [
              8.8240454,
              49.3991792
            ],
            [
              8.8245112,
              49.3999228
            ],
            [
              8.8248869,
              49.4007048
            ],
            [
              8.8252191,
              49.4016869
            ],
            [
              8.8253339,
              49.4023671
            ],
            [
              8.8254489,
              49.4030488
            ],
            [
              8.8256228,
              49.4047763
            ],
            [
              8.8257625,
              49.4056189
            ],
            [
              8.8260078,
              49.4061866
            ],
            [
              8.8263991,
              49.4067362
            ],
            [
              8.8269176,
              49.4072413
            ],
            [
              8.82752,
              49.4076251
            ],
            [
              8.8283801,
              49.4079989
            ],
            [
              8.8292713,
              49.4082232
            ],
            [
              8.829914,
              49.4083222
            ],
            [
              8.8303487,
              49.4083383
            ],
            [
              8.8309908,
              49.4083731
            ],
            [
              8.8319598,
              49.4083616
            ],
            [
              8.832256,
              49.4083498
            ],
            [
              8.8328453,
              49.4082686
            ],
            [
              8.8332612,
              49.4082252
            ],
            [
              8.8334378,
              49.4081913
            ],
            [
              8.8337493,
              49.4081316
            ],
            [
              8.8344244,
              49.4079745
            ],
            [
              8.8350188,
              49.4077925
            ],
            [
              8.8353954,
              49.4076544
            ],
            [
              8.8361806,
              49.4073277
            ],
            [
              8.8367767,
              49.4070501
            ],
            [
              8.8368544,
              49.40701
            ],
            [
              8.8378426,
              49.4065012
            ],
            [
              8.8380741,
              49.4063404
            ],
            [
              8.8387586,
              49.4058649
            ],
            [
              8.8387993,
              49.4058897
            ],
            [
              8.8390409,
              49.4057219
            ],
            [
              8.8390769,
              49.4056667
            ],
            [
              8.83987,
              49.4049846
            ],
            [
              8.8413169,
              49.4034469
            ],
            [
              8.8423462,
              49.401677
            ],
            [
              8.8424223,
              49.4016958
            ],
            [
              8.8425042,
              49.401505
            ],
            [
              8.8425821,
              49.4012695
            ],
            [
              8.842626,
              49.4012017
            ],
            [
              8.842694,
              49.4010875
            ],
            [
              8.8426397,
              49.4010457
            ],
            [
              8.8425453,
              49.4010461
            ],
            [
              8.8424322,
              49.4012281
            ],
            [
              8.8423911,
              49.4012345
            ],
            [
              8.8423631,
              49.4012115
            ],
            [
              8.8424798,
              49.4010235
            ],
            [
              8.8424176,
              49.4009858
            ],
            [
              8.8423341,
              49.4009846
            ],
            [
              8.8422926,
              49.401043
            ],
            [
              8.8422002,
              49.4011796
            ],
            [
              8.8419275,
              49.4016677
            ],
            [
              8.8416729,
              49.4020213
            ],
            [
              8.8414618,
              49.4022809
            ],
            [
              8.8414136,
              49.4022789
            ],
            [
              8.8414136,
              49.4022557
            ],
            [
              8.8417055,
              49.401894
            ],
            [
              8.8421538,
              49.4011597
            ],
            [
              8.8418538,
              49.4010842
            ],
            [
              8.8418098,
              49.4011832
            ],
            [
              8.8417644,
              49.4011994
            ],
            [
              8.8417395,
              49.4011699
            ],
            [
              8.8417711,
              49.4010992
            ],
            [
              8.8413323,
              49.4010161
            ],
            [
              8.8412971,
              49.4010948
            ],
            [
              8.8412518,
              49.401111
            ],
            [
              8.8412269,
              49.4010815
            ],
            [
              8.8412626,
              49.4010018
            ],
            [
              8.8410658,
              49.4009602
            ],
            [
              8.840836,
              49.4009156
            ],
            [
              8.840798,
              49.4010004
            ],
            [
              8.8407527,
              49.4010166
            ],
            [
              8.8407278,
              49.4009871
            ],
            [
              8.8407659,
              49.4009019
            ],
            [
              8.8403289,
              49.4008194
            ],
            [
              8.8402933,
              49.4008991
            ],
            [
              8.8401222,
              49.4012583
            ],
            [
              8.8400545,
              49.4018126
            ],
            [
              8.8400434,
              49.4018118
            ],
            [
              8.8400525,
              49.4016893
            ],
            [
              8.8400307,
              49.401691
            ],
            [
              8.8400149,
              49.4016922
            ],
            [
              8.8399818,
              49.4018203
            ],
            [
              8.8399201,
              49.4019756
            ],
            [
              8.8398777,
              49.4022626
            ],
            [
              8.8396847,
              49.4027271
            ],
            [
              8.8392614,
              49.4036484
            ],
            [
              8.8387912,
              49.4044521
            ],
            [
              8.8380346,
              49.4051804
            ],
            [
              8.8375444,
              49.4055403
            ],
            [
              8.8369171,
              49.4059346
            ],
            [
              8.8360096,
              49.4064653
            ],
            [
              8.8353377,
              49.4067577
            ],
            [
              8.8347503,
              49.4069806
            ],
            [
              8.8340085,
              49.4072458
            ],
            [
              8.8328712,
              49.4075087
            ],
            [
              8.8314045,
              49.4076315
            ],
            [
              8.8298764,
              49.4076315
            ],
            [
              8.8291869,
              49.4074601
            ],
            [
              8.8286556,
              49.4072515
            ],
            [
              8.8277686,
              49.4067629
            ],
            [
              8.8272592,
              49.4062172
            ],
            [
              8.8269869,
              49.4057457
            ],
            [
              8.8268382,
              49.40502
            ],
            [
              8.8265302,
              49.4037827
            ],
            [
              8.8265127,
              49.4024368
            ],
            [
              8.8261526,
              49.4010251
            ],
            [
              8.8256344,
              49.3999221
            ],
            [
              8.8252436,
              49.3991991
            ],
            [
              8.8244083,
              49.3978322
            ],
            [
              8.824339,
              49.3977187
            ],
            [
              8.8241693,
              49.3974775
            ],
            [
              8.8240577,
              49.3972987
            ],
            [
              8.8233378,
              49.3962955
            ],
            [
              8.8229763,
              49.3958327
            ],
            [
              8.8227882,
              49.3955919
            ],
            [
              8.8227594,
              49.395555
            ],
            [
              8.822409,
              49.3952332
            ],
            [
              8.8218818,
              49.3947294
            ],
            [
              8.8213846,
              49.3942543
            ],
            [
              8.8207127,
              49.3935169
            ],
            [
              8.8200057,
              49.3930254
            ],
            [
              8.8194744,
              49.3927338
            ],
            [
              8.8171778,
              49.3921765
            ],
            [
              8.8159394,
              49.3919764
            ],
            [
              8.8145625,
              49.3918306
            ],
            [
              8.8124431,
              49.3917112
            ],
            [
              8.8107597,
              49.3917026
            ],
            [
              8.8093092,
              49.3919033
            ],
            [
              8.8084524,
              49.3920564
            ],
            [
              8.806933,
              49.3924137
            ],
            [
              8.8064003,
              49.3925378
            ],
            [
              8.8056332,
              49.3927996
            ],
            [
              8.8047971,
              49.3929739
            ],
            [
              8.8046993,
              49.3929957
            ],
            [
              8.8045897,
              49.39302
            ],
            [
              8.8045073,
              49.3930349
            ],
            [
              8.8042172,
              49.3931117
            ],
            [
              8.8039831,
              49.3932059
            ],
            [
              8.8033123,
              49.3934382
            ],
            [
              8.8027185,
              49.3936348
            ],
            [
              8.8022326,
              49.393795
            ],
            [
              8.8021685,
              49.3938542
            ],
            [
              8.8014013,
              49.3941208
            ],
            [
              8.8005544,
              49.394415
            ],
            [
              8.8005195,
              49.3944271
            ],
            [
              8.8005293,
              49.3944367
            ],
            [
              8.8005452,
              49.3944448
            ],
            [
              8.7995821,
              49.3948374
            ],
            [
              8.7985501,
              49.395206
            ],
            [
              8.7971059,
              49.3957598
            ],
            [
              8.7967984,
              49.3958826
            ],
            [
              8.7967225,
              49.3959129
            ],
            [
              8.7961697,
              49.3961151
            ],
            [
              8.7961077,
              49.396117
            ],
            [
              8.7960713,
              49.3961071
            ],
            [
              8.7956308,
              49.396254
            ],
            [
              8.7956173,
              49.3962636
            ],
            [
              8.7955953,
              49.3962792
            ],
            [
              8.7955111,
              49.3963392
            ],
            [
              8.795227,
              49.396451
            ],
            [
              8.7949961,
              49.3964964
            ],
            [
              8.7949247,
              49.3965099
            ],
            [
              8.7947479,
              49.3965432
            ],
            [
              8.7946254,
              49.3965706
            ],
            [
              8.794037,
              49.3966326
            ],
            [
              8.7935874,
              49.3966453
            ],
            [
              8.7933872,
              49.3966409
            ],
            [
              8.7930456,
              49.3966155
            ],
            [
              8.7928704,
              49.396601
            ],
            [
              8.7925609,
              49.396556
            ],
            [
              8.7909285,
              49.3961778
            ],
            [
              8.7907043,
              49.3960987
            ],
            [
              8.7902758,
              49.3960012
            ],
            [
              8.7894878,
              49.3957813
            ],
            [
              8.7891557,
              49.3956965
            ],
            [
              8.788804,
              49.3956142
            ],
            [
              8.7881155,
              49.3954262
            ],
            [
              8.7879936,
              49.3954141
            ],
            [
              8.7878987,
              49.3953836
            ],
            [
              8.7875649,
              49.3952917
            ],
            [
              8.7872792,
              49.3952129
            ],
            [
              8.787097,
              49.3951471
            ],
            [
              8.7856438,
              49.3948051
            ],
            [
              8.783968,
              49.3943314
            ],
            [
              8.7826847,
              49.3939686
            ],
            [
              8.7818976,
              49.3937806
            ],
            [
              8.7814807,
              49.3936878
            ],
            [
              8.7800271,
              49.3934446
            ],
            [
              8.7790829,
              49.3932867
            ],
            [
              8.7790059,
              49.3932738
            ],
            [
              8.7789086,
              49.3932557
            ],
            [
              8.7785202,
              49.3932116
            ],
            [
              8.7779527,
              49.3931846
            ],
            [
              8.7775217,
              49.3932003
            ],
            [
              8.7772085,
              49.3932195
            ],
            [
              8.7766072,
              49.393316
            ],
            [
              8.7758987,
              49.3935764
            ],
            [
              8.7754596,
              49.3938794
            ],
            [
              8.7751478,
              49.3942881
            ],
            [
              8.7748448,
              49.3948597
            ],
            [
              8.7747229,
              49.3954349
            ],
            [
              8.7746867,
              49.3956056
            ],
            [
              8.7747043,
              49.396443
            ],
            [
              8.774836,
              49.3971289
            ],
            [
              8.7753015,
              49.3981605
            ],
            [
              8.7757494,
              49.3988035
            ],
            [
              8.7765837,
              49.4002238
            ],
            [
              8.7769131,
              49.4008554
            ],
            [
              8.777262,
              49.401766
            ],
            [
              8.7773127,
              49.4018984
            ],
            [
              8.7775778,
              49.4027463
            ],
            [
              8.7778209,
              49.4035817
            ],
            [
              8.7780504,
              49.4045559
            ],
            [
              8.778046,
              49.4052588
            ],
            [
              8.7778945,
              49.4062618
            ],
            [
              8.7779165,
              49.4063246
            ],
            [
              8.7773544,
              49.4073575
            ],
            [
              8.7769073,
              49.4080008
            ],
            [
              8.7767977,
              49.4082488
            ],
            [
              8.7767609,
              49.4082406
            ],
            [
              8.776702,
              49.4083841
            ],
            [
              8.7766652,
              49.4084488
            ],
            [
              8.7766774,
              49.4084519
            ],
            [
              8.7766952,
              49.4084564
            ],
            [
              8.7766145,
              49.4086335
            ],
            [
              8.7764547,
              49.4088602
            ]
          ]
        ]
      },
      "properties": {
        "osm_id": 144503694,
        "beschränkung": "Kostenfrei",
        "natural": "water",
        "water": "river"
      }
    },
    {
      "type": "Feature",
      "geometry": {
        "type": "Polygon",
        "coordinates": [
          [
            [
              8.8606899,
              49.4012481
            ],
            [
              8.8616509,
              49.4018617
            ],
            [
              8.8624741,
              49.4024605
            ],
            [
              8.8627215,
              49.4026464
            ],
            [
              8.8628932,
              49.4028188
            ],
            [
              8.8636144,
              49.4035494
            ],
            [
              8.8643945,
              49.4045856
            ],
            [
              8.8656813,
              49.4060178
            ],
            [
              8.8664982,
              49.4068993
            ],
            [
              8.8679513,
              49.4083227
            ],
            [
              8.868698,
              49.4089835
            ],
            [
              8.8693984,
              49.4096798
            ],
            [
              8.8699346,
              49.4102972
            ],
            [
              8.8701123,
              49.4105417
            ],
            [
              8.8702518,
              49.4107337
            ],
            [
              8.8704147,
              49.4109579
            ],
            [
              8.8704984,
              49.411073
            ],
            [
              8.8713492,
              49.4120024
            ],
            [
              8.8716879,
              49.4123591
            ],
            [
              8.8723181,
              49.412843
            ],
            [
              8.8728894,
              49.4132364
            ],
            [
              8.8739346,
              49.4137453
            ],
            [
              8.8753393,
              49.4143205
            ],
            [
              8.878201,
              49.4153775
            ],
            [
              8.8798839,
              49.4159557
            ],
            [
              8.8810799,
              49.416286
            ],
            [
              8.8813967,
              49.416396
            ],
            [
              8.8815255,
              49.4163782
            ],
            [
              8.8816564,
              49.416357
            ],
            [
              8.8816953,
              49.4163963
            ],
            [
              8.8817543,
              49.4164238
            ],
            [
              8.8821303,
              49.4165737
            ],
            [
              8.8822593,
              49.4165515
            ],
            [
              8.882604,
              49.4166452
            ],
            [
              8.8831667,
              49.4168093
            ],
            [
              8.8839484,
              49.4171118
            ],
            [
              8.8842086,
              49.4172759
            ],
            [
              8.8847789,
              49.4176356
            ],
            [
              8.886162,
              49.4184891
            ],
            [
              8.8870907,
              49.4191385
            ],
            [
              8.8882287,
              49.4197669
            ],
            [
              8.8890194,
              49.4202139
            ],
            [
              8.8892303,
              49.4203331
            ],
            [
              8.8903982,
              49.4209933
            ],
            [
              8.8911201,
              49.421651
            ],
            [
              8.8920066,
              49.4227005
            ],
            [
              8.8928392,
              49.4243823
            ],
            [
              8.8934762,
              49.4261739
            ],
            [
              8.8936146,
              49.4268548
            ],
            [
              8.8936408,
              49.4275183
            ],
            [
              8.8936049,
              49.4295227
            ],
            [
              8.8936392,
              49.4306698
            ],
            [
              8.8940827,
              49.4318525
            ],
            [
              8.8962516,
              49.4357836
            ],
            [
              8.8976612,
              49.4387792
            ],
            [
              8.898,
              49.4394836
            ],
            [
              8.8989811,
              49.4415235
            ],
            [
              8.8991411,
              49.442018
            ],
            [
              8.8991221,
              49.4423129
            ],
            [
              8.8990785,
              49.4427318
            ],
            [
              8.8989717,
              49.4429445
            ],
            [
              8.8989378,
              49.4431089
            ],
            [
              8.8989867,
              49.4431142
            ],
            [
              8.8989463,
              49.4432494
            ],
            [
              8.8989886,
              49.4432604
            ],
            [
              8.8989015,
              49.4447543
            ],
            [
              8.8989129,
              49.4449721
            ],
            [
              8.898918,
              49.4450689
            ],
            [
              8.898937,
              49.4454304
            ],
            [
              8.8990117,
              49.4458615
            ],
            [
              8.8990911,
              49.4460658
            ],
            [
              8.8994972,
              49.447041
            ],
            [
              8.8996315,
              49.4473848
            ],
            [
              8.9004347,
              49.4489281
            ],
            [
              8.9009141,
              49.4498293
            ],
            [
              8.9009195,
              49.4498101
            ],
            [
              8.9009276,
              49.4497988
            ],
            [
              8.9009534,
              49.4498038
            ],
            [
              8.9009743,
              49.4498139
            ],
            [
              8.9010319,
              49.4498923
            ],
            [
              8.9014134,
              49.4497707
            ],
            [
              8.9013699,
              49.4497087
            ],
            [
              8.9013591,
              49.4496882
            ],
            [
              8.9013605,
              49.4496689
            ],
            [
              8.901378,
              49.4496523
            ],
            [
              8.9013966,
              49.4496569
            ],
            [
              8.9014111,
              49.4496629
            ],
            [
              8.9014344,
              49.4496807
            ],
            [
              8.9014784,
              49.4497429
            ],
            [
              8.9018573,
              49.4496232
            ],
            [
              8.9018067,
              49.449552
            ],
            [
              8.9018069,
              49.4495239
            ],
            [
              8.901818,
              49.4495083
            ],
            [
              8.9018457,
              49.4495148
            ],
            [
              8.9018691,
              49.4495292
            ],
            [
              8.9019235,
              49.4495979
            ],
            [
              8.9023092,
              49.4494797
            ],
            [
              8.9022706,
              49.4494277
            ],
            [
              8.9022576,
              49.4493998
            ],
            [
              8.9022617,
              49.4493683
            ],
            [
              8.902296,
              49.4493709
            ],
            [
              8.9023239,
              49.4493903
            ],
            [
              8.9023776,
              49.4494678
            ],
            [
              8.902594,
              49.4494021
            ],
            [
              8.9016757,
              49.4481797
            ],
            [
              8.9017139,
              49.448165
            ],
            [
              8.9027286,
              49.4494857
            ],
            [
              8.9028083,
              49.4495893
            ],
            [
              8.9028141,
              49.4495969
            ],
            [
              8.9028953,
              49.4495942
            ],
            [
              8.9029396,
              49.4495546
            ],
            [
              8.9027727,
              49.4493228
            ],
            [
              8.902841,
              49.4492998
            ],
            [
              8.9030281,
              49.4495299
            ],
            [
              8.9031127,
              49.4495202
            ],
            [
              8.9031932,
              49.4494832
            ],
            [
              8.9030351,
              49.4492551
            ],
            [
              8.9028195,
              49.448859
            ],
            [
              8.9027896,
              49.4488211
            ],
            [
              8.9026679,
              49.448693
            ],
            [
              8.9026744,
              49.4486883
            ],
            [
              8.9026845,
              49.4486811
            ],
            [
              8.9022448,
              49.4481307
            ],
            [
              8.9017094,
              49.4474361
            ],
            [
              8.9012683,
              49.4468573
            ],
            [
              8.900822,
              49.44631
            ],
            [
              8.9003942,
              49.4455904
            ],
            [
              8.9002335,
              49.4450322
            ],
            [
              8.9001244,
              49.4414192
            ],
            [
              8.9000045,
              49.4411373
            ],
            [
              8.898285,
              49.4371143
            ],
            [
              8.8975751,
              49.435622
            ],
            [
              8.8974244,
              49.4353052
            ],
            [
              8.8965137,
              49.4339776
            ],
            [
              8.8956931,
              49.4327475
            ],
            [
              8.8953425,
              49.4320872
            ],
            [
              8.8951204,
              49.4316462
            ],
            [
              8.8948982,
              49.4311254
            ],
            [
              8.8947229,
              49.4305818
            ],
            [
              8.8946703,
              49.4300838
            ],
            [
              8.8947521,
              49.4288558
            ],
            [
              8.894869,
              49.4277456
            ],
            [
              8.8948398,
              49.4271297
            ],
            [
              8.8947859,
              49.4262167
            ],
            [
              8.8946028,
              49.4253943
            ],
            [
              8.8943705,
              49.424743
            ],
            [
              8.8940198,
              49.4238647
            ],
            [
              8.8936795,
              49.4231518
            ],
            [
              8.893043,
              49.4221624
            ],
            [
              8.8923307,
              49.4214143
            ],
            [
              8.8916117,
              49.4207679
            ],
            [
              8.890577,
              49.419977
            ],
            [
              8.8890481,
              49.4191518
            ],
            [
              8.8883693,
              49.4187314
            ],
            [
              8.8874113,
              49.4181381
            ],
            [
              8.8864565,
              49.4174632
            ],
            [
              8.885572,
              49.416869
            ],
            [
              8.8853072,
              49.4167149
            ],
            [
              8.8846337,
              49.4163231
            ],
            [
              8.8842532,
              49.4161835
            ],
            [
              8.8839709,
              49.41608
            ],
            [
              8.8833069,
              49.4158364
            ],
            [
              8.8829955,
              49.4157576
            ],
            [
              8.8828463,
              49.4157199
            ],
            [
              8.8819389,
              49.4154799
            ],
            [
              8.8818211,
              49.4154505
            ],
            [
              8.8816428,
              49.4154076
            ],
            [
              8.8806448,
              49.4151023
            ],
            [
              8.8805071,
              49.415055
            ],
            [
              8.879628,
              49.4147528
            ],
            [
              8.8793238,
              49.4146208
            ],
            [
              8.8790963,
              49.4145221
            ],
            [
              8.8784996,
              49.4142633
            ],
            [
              8.8782216,
              49.4141312
            ],
            [
              8.8778093,
              49.4139353
            ],
            [
              8.8771467,
              49.4136455
            ],
            [
              8.8771319,
              49.413639
            ],
            [
              8.8760692,
              49.4132604
            ],
            [
              8.8753908,
              49.4129973
            ],
            [
              8.8741591,
              49.4125805
            ],
            [
              8.8733366,
              49.4121771
            ],
            [
              8.8725802,
              49.4116285
            ],
            [
              8.8722012,
              49.4112192
            ],
            [
              8.8718444,
              49.4107088
            ],
            [
              8.8711542,
              49.4096761
            ],
            [
              8.8709579,
              49.409384
            ],
            [
              8.8709055,
              49.4093061
            ],
            [
              8.8704854,
              49.4088947
            ],
            [
              8.8704564,
              49.4088641
            ],
            [
              8.8703801,
              49.4087949
            ],
            [
              8.8692725,
              49.4077888
            ],
            [
              8.8683428,
              49.4068794
            ],
            [
              8.8680955,
              49.4066317
            ],
            [
              8.8674383,
              49.4059028
            ],
            [
              8.8662562,
              49.4045903
            ],
            [
              8.8657188,
              49.4038641
            ],
            [
              8.8650827,
              49.4029829
            ],
            [
              8.8638835,
              49.4019252
            ],
            [
              8.8617721,
              49.4003972
            ],
            [
              8.8603954,
              49.3994683
            ],
            [
              8.8589041,
              49.3986226
            ],
            [
              8.8575551,
              49.3977162
            ],
            [
              8.8566561,
              49.3970053
            ],
            [
              8.8556741,
              49.3963572
            ],
            [
              8.8553526,
              49.3961965
            ],
            [
              8.8547351,
              49.3959341
            ],
            [
              8.853927,
              49.3956617
            ],
            [
              8.8532998,
              49.3955098
            ],
            [
              8.8526456,
              49.3952487
            ],
            [
              8.8523186,
              49.3950675
            ],
            [
              8.8515521,
              49.3948837
            ],
            [
              8.8507078,
              49.3947636
            ],
            [
              8.8499108,
              49.3947574
            ],
            [
              8.8495696,
              49.3947683
            ],
            [
              8.8492713,
              49.3948009
            ],
            [
              8.8481618,
              49.3950851
            ],
            [
              8.8474841,
              49.3952824
            ],
            [
              8.8468828,
              49.3954827
            ],
            [
              8.8460595,
              49.3957591
            ],
            [
              8.8454558,
              49.3960123
            ],
            [
              8.8443319,
              49.3965496
            ],
            [
              8.8430028,
              49.3972484
            ],
            [
              8.8423384,
              49.3977123
            ],
            [
              8.8419399,
              49.3981042
            ],
            [
              8.8415816,
              49.3985054
            ],
            [
              8.8409959,
              49.3992925
            ],
            [
              8.8406818,
              49.3998145
            ],
            [
              8.8405531,
              49.4000932
            ],
            [
              8.8404661,
              49.4002748
            ],
            [
              8.8404859,
              49.4002802
            ],
            [
              8.8405037,
              49.400285
            ],
            [
              8.8405544,
              49.4001616
            ],
            [
              8.8405687,
              49.4001624
            ],
            [
              8.8404662,
              49.4004026
            ],
            [
              8.8403591,
              49.4007519
            ],
            [
              8.8403289,
              49.4008194
            ],
            [
              8.8407659,
              49.4009019
            ],
            [
              8.8407936,
              49.40084
            ],
            [
              8.8407965,
              49.4008354
            ],
            [
              8.8408008,
              49.4008313
            ],
            [
              8.8408063,
              49.4008278
            ],
            [
              8.8408128,
              49.4008252
            ],
            [
              8.84082,
              49.4008235
            ],
            [
              8.8408276,
              49.4008228
            ],
            [
              8.8408352,
              49.4008232
            ],
            [
              8.8408426,
              49.4008246
            ],
            [
              8.8408493,
              49.4008269
            ],
            [
              8.8408551,
              49.4008302
            ],
            [
              8.8408598,
              49.4008341
            ],
            [
              8.8408632,
              49.4008386
            ],
            [
              8.840865,
              49.4008434
            ],
            [
              8.8408652,
              49.4008484
            ],
            [
              8.8408638,
              49.4008533
            ],
            [
              8.840836,
              49.4009156
            ],
            [
              8.8410658,
              49.4009602
            ],
            [
              8.8412626,
              49.4010018
            ],
            [
              8.8412927,
              49.4009344
            ],
            [
              8.8412956,
              49.4009298
            ],
            [
              8.8412999,
              49.4009257
            ],
            [
              8.8413054,
              49.4009222
            ],
            [
              8.8413119,
              49.4009196
            ],
            [
              8.8413191,
              49.4009179
            ],
            [
              8.8413267,
              49.4009173
            ],
            [
              8.8413343,
              49.4009176
            ],
            [
              8.8413417,
              49.400919
            ],
            [
              8.8413484,
              49.4009214
            ],
            [
              8.8413542,
              49.4009246
            ],
            [
              8.8413589,
              49.4009285
            ],
            [
              8.8413622,
              49.400933
            ],
            [
              8.8413641,
              49.4009378
            ],
            [
              8.8413643,
              49.4009428
            ],
            [
              8.8413629,
              49.4009477
            ],
            [
              8.8413323,
              49.4010161
            ],
            [
              8.8417711,
              49.4010992
            ],
            [
              8.8418941,
              49.4008256
            ],
            [
              8.8422956,
              49.4009277
            ],
            [
              8.8424317,
              49.4006742
            ],
            [
              8.8421767,
              49.4004017
            ],
            [
              8.8426764,
              49.3996021
            ],
            [
              8.8432175,
              49.3989932
            ],
            [
              8.8435846,
              49.3987195
            ],
            [
              8.8432072,
              49.3993565
            ],
            [
              8.8430917,
              49.3998051
            ],
            [
              8.8429765,
              49.399967
            ],
            [
              8.8430642,
              49.399969
            ],
            [
              8.8431222,
              49.400006
            ],
            [
              8.8432537,
              49.3998051
            ],
            [
              8.8433244,
              49.3998231
            ],
            [
              8.8432007,
              49.400029
            ],
            [
              8.8432884,
              49.4000287
            ],
            [
              8.843352,
              49.4000686
            ],
            [
              8.8434911,
              49.399861
            ],
            [
              8.843808,
              49.3995404
            ],
            [
              8.8445734,
              49.3984071
            ],
            [
              8.8448777,
              49.3980452
            ],
            [
              8.8453714,
              49.3976189
            ],
            [
              8.8458613,
              49.3973223
            ],
            [
              8.8463975,
              49.3970495
            ],
            [
              8.8471432,
              49.396745
            ],
            [
              8.847284,
              49.3966982
            ],
            [
              8.8473654,
              49.396665
            ],
            [
              8.8474388,
              49.3967547
            ],
            [
              8.8488031,
              49.39632
            ],
            [
              8.8504858,
              49.3959479
            ],
            [
              8.8514251,
              49.3958964
            ],
            [
              8.8514947,
              49.3959165
            ],
            [
              8.851666,
              49.3959716
            ],
            [
              8.8527948,
              49.3964103
            ],
            [
              8.8545121,
              49.3973069
            ],
            [
              8.8549746,
              49.3977655
            ],
            [
              8.8550502,
              49.3977364
            ],
            [
              8.8551407,
              49.3976952
            ],
            [
              8.8553603,
              49.397823
            ],
            [
              8.8567006,
              49.3986615
            ],
            [
              8.8581716,
              49.3996465
            ],
            [
              8.8601854,
              49.4009331
            ],
            [
              8.8606899,
              49.4012481
            ]
          ]
        ]
      },
      "properties": {
        "osm_id": 144580718,
        "beschränkung": "Kostenfrei",
        "intermittent": "no",
        "natural": "water",
        "tidal": "no",
        "water": "river"
      }
    },
    {
      "type": "Feature",
      "geometry": {
        "type": "Polygon",
        "coordinates": [
          [
            [
              8.8796327,
              49.39666
            ],
            [
              8.8795539,
              49.3967269
            ],
            [
              8.8795086,
              49.3967975
            ],
            [
              8.8794078,
              49.396913
            ],
            [
              8.8793892,
              49.396923
            ],
            [
              8.8793612,
              49.3969233
            ],
            [
              8.8793417,
              49.3969149
            ],
            [
              8.8793244,
              49.3969025
            ],
            [
              8.8792808,
              49.3968908
            ],
            [
              8.8792373,
              49.3968739
            ],
            [
              8.8792038,
              49.3968382
            ],
            [
              8.8791971,
              49.3968216
            ],
            [
              8.8792017,
              49.3968046
            ],
            [
              8.8792364,
              49.3967689
            ],
            [
              8.8792833,
              49.3967395
            ],
            [
              8.8793825,
              49.3966497
            ],
            [
              8.8794215,
              49.3966154
            ],
            [
              8.8794481,
              49.3965919
            ],
            [
              8.879477,
              49.3965748
            ],
            [
              8.8795072,
              49.3965661
            ],
            [
              8.8795599,
              49.396557
            ],
            [
              8.8795892,
              49.3965552
            ],
            [
              8.8796102,
              49.3965563
            ],
            [
              8.8796367,
              49.39656
            ],
            [
              8.8796571,
              49.396568
            ],
            [
              8.8796713,
              49.3965786
            ],
            [
              8.8796783,
              49.3965921
            ],
            [
              8.8796785,
              49.3966064
            ],
            [
              8.8796693,
              49.3966227
            ],
            [
              8.8796327,
              49.39666
            ]
          ]
        ]
      },
      "properties": {
        "osm_id": 188991052,
        "beschränkung": "Kostenfrei",
        "natural": "water",
        "source:geometry": "HiRes aerial imagery"
      }
    },
    {
      "type": "Feature",
      "geometry": {
        "type": "Polygon",
        "coordinates": [
          [
            [
              8.8797234,
              49.3960507
            ],
            [
              8.8797771,
              49.3960607
            ],
            [
              8.879817,
              49.3960696
            ],
            [
              8.8798363,
              49.3960707
            ],
            [
              8.8798518,
              49.3960627
            ],
            [
              8.8798645,
              49.3960441
            ],
            [
              8.8798756,
              49.3960251
            ],
            [
              8.8798727,
              49.396004
            ],
            [
              8.8798205,
              49.3959447
            ],
            [
              8.8798084,
              49.3959038
            ],
            [
              8.8797954,
              49.395856
            ],
            [
              8.879782,
              49.3958291
            ],
            [
              8.8797678,
              49.3958267
            ],
            [
              8.8797541,
              49.3958313
            ],
            [
              8.8797363,
              49.3958545
            ],
            [
              8.8797269,
              49.3958829
            ],
            [
              8.8797269,
              49.3959138
            ],
            [
              8.8797426,
              49.3959376
            ],
            [
              8.8797442,
              49.3959561
            ],
            [
              8.8797346,
              49.3959737
            ],
            [
              8.8797109,
              49.3959974
            ],
            [
              8.8796966,
              49.3960149
            ],
            [
              8.879695,
              49.3960309
            ],
            [
              8.8797084,
              49.3960448
            ],
            [
              8.8797234,
              49.3960507
            ]
          ]
        ]
      },
      "properties": {
        "osm_id": 217024574,
        "beschränkung": "Kostenfrei",
        "natural": "water",
        "source:geometry": "HiRes aerial imagery"
      }
    },
    {
      "type": "Feature",
      "geometry": {
        "type": "Polygon",
        "coordinates": [
          [
            [
              8.8799493,
              49.3954371
            ],
            [
              8.8799705,
              49.3954206
            ],
            [
              8.879985,
              49.3953915
            ],
            [
              8.8800199,
              49.3953469
            ],
            [
              8.8800405,
              49.3953139
            ],
            [
              8.8800646,
              49.3952972
            ],
            [
              8.8800864,
              49.395282
            ],
            [
              8.8801071,
              49.395248
            ],
            [
              8.8801122,
              49.3952353
            ],
            [
              8.8801134,
              49.3952243
            ],
            [
              8.8801004,
              49.3952116
            ],
            [
              8.8800811,
              49.3952103
            ],
            [
              8.8800368,
              49.3952252
            ],
            [
              8.879994,
              49.395253
            ],
            [
              8.8799584,
              49.39527
            ],
            [
              8.8799197,
              49.3952844
            ],
            [
              8.8798864,
              49.3953071
            ],
            [
              8.8798398,
              49.3953256
            ],
            [
              8.8798136,
              49.3953447
            ],
            [
              8.8798041,
              49.3953648
            ],
            [
              8.879793,
              49.3953867
            ],
            [
              8.8797969,
              49.3953998
            ],
            [
              8.8798119,
              49.3954122
            ],
            [
              8.8798309,
              49.3954146
            ],
            [
              8.8798632,
              49.3954159
            ],
            [
              8.879889,
              49.3954227
            ],
            [
              8.8799059,
              49.3954304
            ],
            [
              8.8799326,
              49.3954385
            ],
            [
              8.8799493,
              49.3954371
            ]
          ]
        ]
      },
      "properties": {
        "osm_id": 217024575,
        "beschränkung": "Kostenfrei",
        "natural": "water",
        "source:geometry": "HiRes aerial imagery"
      }
    },
    {
      "type": "Feature",
      "geometry": {
        "type": "Polygon",
        "coordinates": [
          [
            [
              8.8796053,
              49.396348
            ],
            [
              8.8796246,
              49.3963499
            ],
            [
              8.8796499,
              49.3963499
            ],
            [
              8.8796649,
              49.3963471
            ],
            [
              8.879676,
              49.3963427
            ],
            [
              8.8796887,
              49.3963329
            ],
            [
              8.879703,
              49.396318
            ],
            [
              8.879718,
              49.3963071
            ],
            [
              8.879737,
              49.3962937
            ],
            [
              8.8797588,
              49.396278
            ],
            [
              8.8797782,
              49.3962525
            ],
            [
              8.8797822,
              49.3962304
            ],
            [
              8.8797815,
              49.3962071
            ],
            [
              8.8797716,
              49.3961842
            ],
            [
              8.8797555,
              49.3961519
            ],
            [
              8.8797425,
              49.3961429
            ],
            [
              8.8797279,
              49.3961462
            ],
            [
              8.8797002,
              49.3961591
            ],
            [
              8.8796891,
              49.3961725
            ],
            [
              8.8796867,
              49.39619
            ],
            [
              8.8796779,
              49.3962132
            ],
            [
              8.8796542,
              49.3962318
            ],
            [
              8.8796233,
              49.3962513
            ],
            [
              8.879598,
              49.3962699
            ],
            [
              8.879577,
              49.3962941
            ],
            [
              8.8795678,
              49.3963155
            ],
            [
              8.8795741,
              49.3963281
            ],
            [
              8.8795891,
              49.396341
            ],
            [
              8.8796053,
              49.396348
            ]
          ]
        ]
      },
      "properties": {
        "osm_id": 217024576,
        "beschränkung": "Kostenfrei",
        "natural": "water"
      }
    },
    {
      "type": "Feature",
      "geometry": {
        "type": "Polygon",
        "coordinates": [
          [
            [
              8.8509002,
              49.3932436
            ],
            [
              8.8509358,
              49.3931768
            ],
            [
              8.8509504,
              49.3931409
            ],
            [
              8.8509518,
              49.3931109
            ],
            [
              8.8509466,
              49.3930873
            ],
            [
              8.8509152,
              49.3930547
            ],
            [
              8.8508805,
              49.3930319
            ],
            [
              8.8508418,
              49.3930186
            ],
            [
              8.8507959,
              49.393007
            ],
            [
              8.8507997,
              49.3930241
            ],
            [
              8.8507505,
              49.3930335
            ],
            [
              8.8507562,
              49.3930858
            ],
            [
              8.8507424,
              49.3931123
            ],
            [
              8.8507495,
              49.3931363
            ],
            [
              8.8507324,
              49.3931603
            ],
            [
              8.8506776,
              49.3932622
            ],
            [
              8.850663,
              49.3932938
            ],
            [
              8.8506626,
              49.3933098
            ],
            [
              8.8506677,
              49.3933215
            ],
            [
              8.85068,
              49.393332
            ],
            [
              8.8507095,
              49.3933453
            ],
            [
              8.8507639,
              49.3933595
            ],
            [
              8.8507987,
              49.3933654
            ],
            [
              8.8508177,
              49.3933641
            ],
            [
              8.8508309,
              49.3933583
            ],
            [
              8.8508447,
              49.3933464
            ],
            [
              8.8508625,
              49.3933237
            ],
            [
              8.8508777,
              49.3932984
            ],
            [
              8.8508889,
              49.3932749
            ],
            [
              8.8509002,
              49.3932436
            ]
          ]
        ]
      },
      "properties": {
        "osm_id": 217024577,
        "beschränkung": "Kostenfrei",
        "natural": "water",
        "source:geometry": "HiRes aerial imagery"
      }
    },
    {
      "type": "Feature",
      "geometry": {
        "type": "Polygon",
        "coordinates": [
          [
            [
              8.8811183,
              49.3942352
            ],
            [
              8.8811204,
              49.3941793
            ],
            [
              8.8810445,
              49.394158
            ],
            [
              8.8810278,
              49.3941439
            ],
            [
              8.8809438,
              49.3941136
            ],
            [
              8.8809199,
              49.3940695
            ],
            [
              8.8809258,
              49.3940319
            ],
            [
              8.8808943,
              49.3939501
            ],
            [
              8.880883,
              49.3938674
            ],
            [
              8.8808673,
              49.3938025
            ],
            [
              8.8808518,
              49.3937854
            ],
            [
              8.880824,
              49.3937744
            ],
            [
              8.8807776,
              49.3937797
            ],
            [
              8.8807385,
              49.3937926
            ],
            [
              8.8806801,
              49.393828
            ],
            [
              8.880605,
              49.3938685
            ],
            [
              8.8805314,
              49.3938943
            ],
            [
              8.8804867,
              49.3939158
            ],
            [
              8.8804531,
              49.3939439
            ],
            [
              8.8804304,
              49.3939816
            ],
            [
              8.8804276,
              49.3939957
            ],
            [
              8.8804318,
              49.3940089
            ],
            [
              8.8804413,
              49.3940196
            ],
            [
              8.8804556,
              49.3940254
            ],
            [
              8.8805023,
              49.3940193
            ],
            [
              8.8805123,
              49.3940484
            ],
            [
              8.88051,
              49.3941208
            ],
            [
              8.8804904,
              49.3941697
            ],
            [
              8.880495,
              49.394186
            ],
            [
              8.8805105,
              49.3942017
            ],
            [
              8.8805255,
              49.3942078
            ],
            [
              8.8805523,
              49.3942186
            ],
            [
              8.8806228,
              49.3942384
            ],
            [
              8.8807768,
              49.3942687
            ],
            [
              8.8809151,
              49.3942876
            ],
            [
              8.8809766,
              49.3942815
            ],
            [
              8.8810628,
              49.394261
            ],
            [
              8.8811183,
              49.3942352
            ]
          ]
        ]
      },
      "properties": {
        "osm_id": 217024578,
        "beschränkung": "Kostenfrei",
        "natural": "water",
        "source:geometry": "HiRes aerial imagery"
      }
    },
    {
      "type": "Feature",
      "geometry": {
        "type": "Polygon",
        "coordinates": [
          [
            [
              8.8673968,
              49.395239
            ],
            [
              8.867422,
              49.3952171
            ],
            [
              8.8674428,
              49.3951931
            ],
            [
              8.8674462,
              49.3951849
            ],
            [
              8.8674435,
              49.395177
            ],
            [
              8.8674363,
              49.3951732
            ],
            [
              8.8674241,
              49.3951712
            ],
            [
              8.8674103,
              49.3951708
            ],
            [
              8.8673952,
              49.3951717
            ],
            [
              8.867376,
              49.3951744
            ],
            [
              8.8673601,
              49.3951797
            ],
            [
              8.8673465,
              49.3951865
            ],
            [
              8.8673412,
              49.3951915
            ],
            [
              8.8673395,
              49.3951993
            ],
            [
              8.8673422,
              49.3952112
            ],
            [
              8.8673455,
              49.3952211
            ],
            [
              8.8673509,
              49.395231
            ],
            [
              8.8673549,
              49.3952354
            ],
            [
              8.8673616,
              49.3952406
            ],
            [
              8.8673692,
              49.395243
            ],
            [
              8.867378,
              49.3952438
            ],
            [
              8.8673872,
              49.3952425
            ],
            [
              8.8673968,
              49.395239
            ]
          ]
        ]
      },
      "properties": {
        "osm_id": 222133288,
        "beschränkung": "Kostenfrei",
        "natural": "water",
        "source:geometry": "HiRes aerial imagery"
      }
    },
    {
      "type": "Feature",
      "geometry": {
        "type": "Polygon",
        "coordinates": [
          [
            [
              8.8544258,
              49.3957041
            ],
            [
              8.8544389,
              49.3957047
            ],
            [
              8.8544512,
              49.3957008
            ],
            [
              8.854455,
              49.3956944
            ],
            [
              8.8544552,
              49.3956868
            ],
            [
              8.854448,
              49.395678
            ],
            [
              8.8544279,
              49.3956598
            ],
            [
              8.8544097,
              49.3956463
            ],
            [
              8.854293,
              49.395585
            ],
            [
              8.8542545,
              49.395566
            ],
            [
              8.8542372,
              49.3955617
            ],
            [
              8.8542173,
              49.3955621
            ],
            [
              8.8542021,
              49.3955649
            ],
            [
              8.8541907,
              49.3955739
            ],
            [
              8.8541856,
              49.3955843
            ],
            [
              8.8541856,
              49.3955968
            ],
            [
              8.8541907,
              49.3956082
            ],
            [
              8.8541991,
              49.3956188
            ],
            [
              8.8542287,
              49.3956364
            ],
            [
              8.8542905,
              49.3956634
            ],
            [
              8.8543531,
              49.3956799
            ],
            [
              8.8544013,
              49.3956964
            ],
            [
              8.8544258,
              49.3957041
            ]
          ]
        ]
      },
      "properties": {
        "osm_id": 222133289,
        "beschränkung": "Kostenfrei",
        "natural": "water",
        "source:geometry": "HiRes aerial imagery"
      }
    },
    {
      "type": "Feature",
      "geometry": {
        "type": "Polygon",
        "coordinates": [
          [
            [
              8.8672109,
              49.3952302
            ],
            [
              8.8672217,
              49.3952285
            ],
            [
              8.8672346,
              49.3952253
            ],
            [
              8.8672481,
              49.3952201
            ],
            [
              8.8672537,
              49.3952169
            ],
            [
              8.8672579,
              49.3952128
            ],
            [
              8.8672609,
              49.3952059
            ],
            [
              8.8672741,
              49.395174
            ],
            [
              8.8672763,
              49.3951646
            ],
            [
              8.8672765,
              49.3951573
            ],
            [
              8.8672749,
              49.3951511
            ],
            [
              8.8672722,
              49.395144
            ],
            [
              8.8672677,
              49.3951392
            ],
            [
              8.8672614,
              49.3951356
            ],
            [
              8.8672538,
              49.3951339
            ],
            [
              8.8672304,
              49.3951315
            ],
            [
              8.8672033,
              49.3951309
            ],
            [
              8.8671813,
              49.3951317
            ],
            [
              8.8671569,
              49.3951347
            ],
            [
              8.8671352,
              49.3951389
            ],
            [
              8.8671123,
              49.3951466
            ],
            [
              8.8670914,
              49.3951547
            ],
            [
              8.8670784,
              49.3951612
            ],
            [
              8.867072,
              49.3951661
            ],
            [
              8.8670716,
              49.3951714
            ],
            [
              8.867074,
              49.3951766
            ],
            [
              8.8670816,
              49.3951845
            ],
            [
              8.8671004,
              49.3951992
            ],
            [
              8.8671216,
              49.3952117
            ],
            [
              8.8671339,
              49.3952172
            ],
            [
              8.8671546,
              49.3952234
            ],
            [
              8.8671742,
              49.3952278
            ],
            [
              8.8671901,
              49.3952305
            ],
            [
              8.8672004,
              49.3952311
            ],
            [
              8.8672109,
              49.3952302
            ]
          ]
        ]
      },
      "properties": {
        "osm_id": 222133290,
        "beschränkung": "Kostenfrei",
        "natural": "water",
        "source:geometry": "HiRes aerial imagery"
      }
    },
    {
      "type": "Feature",
      "geometry": {
        "type": "Polygon",
        "coordinates": [
          [
            [
              8.8320544,
              49.3746227
            ],
            [
              8.8320766,
              49.3746125
            ],
            [
              8.8321075,
              49.3746098
            ],
            [
              8.8321563,
              49.374615
            ],
            [
              8.8322125,
              49.3746311
            ],
            [
              8.8322666,
              49.3746627
            ],
            [
              8.8323126,
              49.3746826
            ],
            [
              8.8323895,
              49.374708
            ],
            [
              8.8324222,
              49.3747201
            ],
            [
              8.8324496,
              49.3747356
            ],
            [
              8.8324699,
              49.3747502
            ],
            [
              8.8324762,
              49.374762
            ],
            [
              8.8324724,
              49.3747762
            ],
            [
              8.8324628,
              49.3747841
            ],
            [
              8.8324401,
              49.3747929
            ],
            [
              8.8323956,
              49.3747996
            ],
            [
              8.832341,
              49.3748004
            ],
            [
              8.8322886,
              49.3748047
            ],
            [
              8.8322659,
              49.3748035
            ],
            [
              8.8322479,
              49.3747991
            ],
            [
              8.8322392,
              49.3747938
            ],
            [
              8.8322204,
              49.3747762
            ],
            [
              8.8321962,
              49.3747506
            ],
            [
              8.8321556,
              49.3747258
            ],
            [
              8.8321272,
              49.3747127
            ],
            [
              8.8320843,
              49.3746992
            ],
            [
              8.8320611,
              49.3746877
            ],
            [
              8.8320492,
              49.3746731
            ],
            [
              8.8320434,
              49.3746581
            ],
            [
              8.8320444,
              49.3746392
            ],
            [
              8.8320544,
              49.3746227
            ]
          ]
        ]
      },
      "properties": {
        "osm_id": 223533514,
        "beschränkung": "Kostenfrei",
        "natural": "water",
        "source:geometry": "HiRes aerial imagery"
      }
    },
    {
      "type": "Feature",
      "geometry": {
        "type": "Polygon",
        "coordinates": [
          [
            [
              8.778872,
              49.3892165
            ],
            [
              8.7788336,
              49.389193
            ],
            [
              8.7788265,
              49.3891534
            ],
            [
              8.7788472,
              49.3891164
            ],
            [
              8.7788874,
              49.3890948
            ],
            [
              8.7789501,
              49.3890944
            ],
            [
              8.7789933,
              49.3891171
            ],
            [
              8.7790028,
              49.3891599
            ],
            [
              8.7789922,
              49.3891965
            ],
            [
              8.778943,
              49.3892204
            ],
            [
              8.778872,
              49.3892165
            ]
          ]
        ]
      },
      "properties": {
        "osm_id": 245392148,
        "beschränkung": "Kostenfrei",
        "natural": "water",
        "note": "Größe geschätzt"
      }
    },
    {
      "type": "Feature",
      "geometry": {
        "type": "Polygon",
        "coordinates": [
          [
            [
              8.8252643,
              49.3767953
            ],
            [
              8.8251516,
              49.3767621
            ],
            [
              8.8250906,
              49.3767739
            ],
            [
              8.8250604,
              49.3768058
            ],
            [
              8.8250839,
              49.376839
            ],
            [
              8.8251476,
              49.3768695
            ],
            [
              8.825212,
              49.376887
            ],
            [
              8.8252891,
              49.3768892
            ],
            [
              8.825334,
              49.37688
            ],
            [
              8.8253367,
              49.3768573
            ],
            [
              8.8253193,
              49.3768337
            ],
            [
              8.8252643,
              49.3767953
            ]
          ]
        ]
      },
      "properties": {
        "osm_id": 832486675,
        "beschränkung": "Kostenfrei",
        "intermittent": "yes",
        "natural": "water"
      }
    },
    {
      "type": "Feature",
      "geometry": {
        "type": "Polygon",
        "coordinates": [
          [
            [
              8.8282576,
              49.3782561
            ],
            [
              8.8283039,
              49.3782823
            ],
            [
              8.8283247,
              49.3783155
            ],
            [
              8.8283166,
              49.3783286
            ],
            [
              8.8282757,
              49.37835
            ],
            [
              8.8282053,
              49.378381
            ],
            [
              8.8281215,
              49.3783888
            ],
            [
              8.8280404,
              49.3783871
            ],
            [
              8.8280048,
              49.3783823
            ],
            [
              8.8279874,
              49.37837
            ],
            [
              8.8280075,
              49.3783482
            ],
            [
              8.8280544,
              49.3783404
            ],
            [
              8.8281275,
              49.3782875
            ],
            [
              8.8282053,
              49.3782474
            ],
            [
              8.8282315,
              49.3782487
            ],
            [
              8.8282576,
              49.3782561
            ]
          ]
        ]
      },
      "properties": {
        "osm_id": 832486676,
        "beschränkung": "Kostenfrei",
        "natural": "water"
      }
    },
    {
      "type": "Feature",
      "geometry": {
        "type": "Polygon",
        "coordinates": [
          [
            [
              8.8268919,
              49.3766848
            ],
            [
              8.826889,
              49.3766665
            ],
            [
              8.8268717,
              49.3766491
            ],
            [
              8.8268548,
              49.3766356
            ],
            [
              8.8268047,
              49.3766331
            ],
            [
              8.8267709,
              49.3766202
            ],
            [
              8.8267379,
              49.3766251
            ],
            [
              8.8267281,
              49.3766442
            ],
            [
              8.8267291,
              49.376665
            ],
            [
              8.8267523,
              49.3766846
            ],
            [
              8.8268336,
              49.3766973
            ],
            [
              8.8268622,
              49.3766953
            ],
            [
              8.8268919,
              49.3766848
            ]
          ]
        ]
      },
      "properties": {
        "osm_id": 832486677,
        "beschränkung": "Kostenfrei",
        "natural": "water"
      }
    },
    {
      "type": "Feature",
      "geometry": {
        "type": "Polygon",
        "coordinates": [
          [
            [
              8.7769631,
              49.3781236
            ],
            [
              8.7769563,
              49.378112
            ],
            [
              8.77696,
              49.3780989
            ],
            [
              8.7769755,
              49.3780884
            ],
            [
              8.7769952,
              49.378083
            ],
            [
              8.777011,
              49.3780834
            ],
            [
              8.7770251,
              49.3780893
            ],
            [
              8.7770294,
              49.3780948
            ],
            [
              8.7770271,
              49.3781039
            ],
            [
              8.7770123,
              49.3781179
            ],
            [
              8.7769969,
              49.3781271
            ],
            [
              8.7769862,
              49.3781295
            ],
            [
              8.7769728,
              49.3781286
            ],
            [
              8.7769631,
              49.3781236
            ]
          ]
        ]
      },
      "properties": {
        "osm_id": 1028639095,
        "beschränkung": "Kostenfrei",
        "intermittent": "yes",
        "natural": "water"
      }
    },
    {
      "type": "Feature",
      "geometry": {
        "type": "Polygon",
        "coordinates": [
          [
            [
              8.8676164,
              49.3952201
            ],
            [
              8.867606,
              49.3952092
            ],
            [
              8.8675862,
              49.3951511
            ],
            [
              8.8675882,
              49.3951315
            ],
            [
              8.8676003,
              49.3951162
            ],
            [
              8.8676224,
              49.3951097
            ],
            [
              8.8676599,
              49.3951129
            ],
            [
              8.8677015,
              49.395121
            ],
            [
              8.8677451,
              49.3951411
            ],
            [
              8.8677612,
              49.3951542
            ],
            [
              8.8677672,
              49.3951633
            ],
            [
              8.8677615,
              49.3951701
            ],
            [
              8.8677478,
              49.3951742
            ],
            [
              8.8677116,
              49.3951764
            ],
            [
              8.8676958,
              49.3951823
            ],
            [
              8.8676754,
              49.3951974
            ],
            [
              8.8676452,
              49.395217
            ],
            [
              8.8676324,
              49.3952209
            ],
            [
              8.8676164,
              49.3952201
            ]
          ]
        ]
      },
      "properties": {
        "osm_id": 1030068062,
        "beschränkung": "Kostenfrei",
        "natural": "water"
      }
    },
    {
      "type": "Feature",
      "geometry": {
        "type": "Polygon",
        "coordinates": [
          [
            [
              8.7856616,
              49.3924799
            ],
            [
              8.7857082,
              49.3924906
            ],
            [
              8.7857416,
              49.3924384
            ],
            [
              8.7856934,
              49.392429
            ],
            [
              8.7856616,
              49.3924799
            ]
          ]
        ]
      },
      "properties": {
        "osm_id": 1475948984,
        "beschränkung": "Kostenfrei",
        "access": "permissive",
        "leisure": "swimming_pool",
        "location": "outdoor"
      }
    },
    {
      "type": "Feature",
      "geometry": {
        "type": "Polygon",
        "coordinates": [
          [
            [
              8.8022833,
              49.3991224
            ],
            [
              8.802266,
              49.3991009
            ],
            [
              8.8023424,
              49.3990726
            ],
            [
              8.802362,
              49.3990958
            ],
            [
              8.8022833,
              49.3991224
            ]
          ]
        ]
      },
      "properties": {
        "osm_id": 1499086056,
        "beschränkung": "Kostenfrei",
        "leisure": "swimming_pool"
      }
    }
  ]
}