{
  "type": "FeatureCollection",
  "features": [
    {
      "type": "Feature",
      "geometry": {
        "type": "Point",
        "coordinates": [
          8.80551685,
          49.38629676666667
        ]
      },
      "properties": {
        "0401_08": 144.4530792236328,
        "0401_09": 192.84295654296875,
        "0401_10": 315.01593017578125,
        "0401_11": 388.94073486328125,
        "0401_12": 460.13531494140625,
        "0401_13": 403.0740051269531,
        "0401_14": 368.9841613769531,
        "0401_15": 277.3814392089844,
        "0401_16": 175.26089477539062,
        "0401_17": 88.66857147216797,
        "0401_18": 22.11267852783203,
        "0401_19": 0.0,
        "0401_20": 0.0,
        "0415_08": 170.71192932128906,
        "0415_09": 227.818115234375,
        "0415_10": 358.09942626953125,
        "0415_11": 462.95556640625,
        "0415_12": 496.21588134765625,
        "0415_13": 472.7116394042969,
        "0415_14": 413.72100830078125,
        "0415_15": 313.275634765625,
        "0415_16": 206.46971130371094,
        "0415_17": 110.7533187866211,
        "0415_18": 46.720455169677734,
        "0415_19": 0.0,
        "0415_20": 0.0,
        "0501_08": 195.47976684570312,
        "0501_09": 263.3938293457031,
        "0501_10": 411.9107360839844,
        "0501_11": 503.28900146484375,
        "0501_12": 545.4281005859375,
        "0501_13": 517.5679321289062,
        "0501_14": 449.4950866699219,
        "0501_15": 335.2339782714844,
        "0501_16": 235.67465209960938,
        "0501_17": 140.90118408203125,
        "0501_18": 66.55462646484375,
        "0501_19": 16.158676147460938,
        "0501_20": 0.0,
        "0515_08": 236.93765258789062,
        "0515_09": 327.52099609375,
        "0515_10": 439.0919494628906,
        "0515_11": 540.0423583984375,
        "0515_12": 578.1375122070312,
        "0515_13": 559.41259765625,
        "0515_14": 463.6878967285156,
        "0515_15": 368.7857666015625,
        "0515_16": 264.82098388671875,
        "0515_17": 157.95828247070312,
        "0515_18": 77.31877136230469,
        "0515_19": 27.097719192504883,
        "0515_20": 0.0,
        "0601_08": 250.85292053222656,
        "0601_09": 354.5848693847656,
        "0601_10": 478.17132568359375,
        "0601_11": 566.5010986328125,
        "0601_12": 609.6109008789062,
        "0601_13": 582.9683837890625,
        "0601_14": 503.6678771972656,
        "0601_15": 394.6505432128906,
        "0601_16": 284.45660400390625,
        "0601_17": 159.3321075439453,
        "0601_18": 94.18991088867188,
        "0601_19": 50.14627456665039,
        "0601_20": 0.0,
        "0615_08": 259.8194580078125,
        "0615_09": 364.7486267089844,
        "0615_10": 489.1250915527344,
        "0615_11": 574.5120239257812,
        "0615_12": 626.0404663085938,
        "0615_13": 585.863525390625,
        "0615_14": 526.8284912109375,
        "0615_15": 404.25274658203125,
        "0615_16": 278.16650390625,
        "0615_17": 185.9630889892578,
        "0615_18": 97.45740509033203,
        "0615_19": 54.73492431640625,
        "0615_20": 8.39750862121582,
        "0701_08": 255.40533447265625,
        "0701_09": 363.5210266113281,
        "0701_10": 487.58648681640625,
        "0701_11": 572.6870727539062,
        "0701_12": 624.109619140625,
        "0701_13": 584.1196899414062,
        "0701_14": 525.1795043945312,
        "0701_15": 402.9610595703125,
        "0701_16": 277.0938415527344,
        "0701_17": 185.05123901367188,
        "0701_18": 96.73220825195312,
        "0701_19": 53.91282272338867,
        "0701_20": 0.0,
        "0715_08": 246.13796997070312,
        "0715_09": 348.0592346191406,
        "0715_10": 473.0426330566406,
        "0715_11": 553.99267578125,
        "0715_12": 600.14208984375,
        "0715_13": 576.8414306640625,
        "0715_14": 491.109130859375,
        "0715_15": 390.43927001953125,
        "0715_16": 267.365234375,
        "0715_17": 157.0834197998047,
        "0715_18": 92.22579956054688,
        "0715_19": 47.683406829833984,
        "0715_20": 0.0,
        "0801_08": 226.5225372314453,
        "0801_09": 299.1553955078125,
        "0801_10": 427.629150390625,
        "0801_11": 531.7457275390625,
        "0801_12": 565.4639892578125,
        "0801_13": 541.2023315429688,
        "0801_14": 461.4091491699219,
        "0801_15": 351.8511047363281,
        "0801_16": 263.3474426269531,
        "0801_17": 154.1015625,
        "0801_18": 74.27944946289062,
        "0801_19": 24.584671020507812,
        "0801_20": 0.0,
        "0815_08": 184.3134002685547,
        "0815_09": 254.76797485351562,
        "0815_10": 411.00341796875,
        "0815_11": 486.7895812988281,
        "0815_12": 530.5355224609375,
        "0815_13": 505.733154296875,
        "0815_14": 447.900634765625,
        "0815_15": 327.94537353515625,
        "0815_16": 229.93264770507812,
        "0815_17": 127.25080108642578,
        "0815_18": 62.609310150146484,
        "0815_19": 13.052155494689941,
        "0815_20": 0.0,
        "0901_08": 155.5797576904297,
        "0901_09": 216.08956909179688,
        "0901_10": 345.013671875,
        "0901_11": 428.3426818847656,
        "0901_12": 477.04443359375,
        "0901_13": 448.56475830078125,
        "0901_14": 398.0339660644531,
        "0901_15": 298.0539245605469,
        "0901_16": 197.85499572753906,
        "0901_17": 107.25862884521484,
        "0901_18": 34.11676025390625,
        "0901_19": 0.0,
        "0901_20": 0.0,
        "0915_08": 130.46739196777344,
        "0915_09": 184.3455810546875,
        "0915_10": 302.623779296875,
        "0915_11": 376.4062805175781,
        "0915_12": 424.3363342285156,
        "0915_13": 390.1529235839844,
        "0915_14": 356.3586120605469,
        "0915_15": 259.5211486816406,
        "0915_16": 169.85696411132812,
        "0915_17": 87.03822326660156,
        "0915_18": 17.646390914916992,
        "0915_19": 0.0,
        "0915_20": 0.0,
        "osm_id": 24692737,
        "beschränkung": "Kostenfrei",
        "access": "yes",
        "leisure": "playground"
      }
    },
    {
      "type": "Feature",
      "geometry": {
        "type": "Point",
        "coordinates": [
          8.804650866666668,
          49.38204138333333
        ]
      },
      "properties": {
        "0401_08": 208.23342895507812,
        "0401_09": 288.0541076660156,
        "0401_10": 336.4500732421875,
        "0401_11": 362.2425231933594,
        "0401_12": 386.7702331542969,
        "0401_13": 360.3638610839844,
        "0401_14": 322.40130615234375,
        "0401_15": 272.2049560546875,
        "0401_16": 189.7939910888672,
        "0401_17": 109.56211853027344,
        "0401_18": 20.525924682617188,
        "0401_19": 0.0,
        "0401_20": 0.0,
        "0415_08": 249.336181640625,
        "0415_09": 326.54815673828125,
        "0415_10": 378.6496887207031,
        "0415_11": 401.0220947265625,
        "0415_12": 424.58697509765625,
        "0415_13": 399.5361633300781,
        "0415_14": 362.6564025878906,
        "0415_15": 309.7425537109375,
        "0415_16": 223.3575439453125,
        "0415_17": 144.82168579101562,
        "0415_18": 34.27599334716797,
        "0415_19": 0.0,
        "0415_20": 0.0,
        "0501_08": 284.9154968261719,
        "0501_09": 352.2057189941406,
        "0501_10": 414.8690490722656,
        "0501_11": 436.01812744140625,
        "0501_12": 465.55181884765625,
        "0501_13": 449.72784423828125,
        "0501_14": 395.7919921875,
        "0501_15": 333.0792541503906,
        "0501_16": 258.7337951660156,
        "0501_17": 176.60568237304688,
        "0501_18": 94.65706634521484,
        "0501_19": 14.994211196899414,
        "0501_20": 0.0,
        "0515_08": 310.5514831542969,
        "0515_09": 376.1473388671875,
        "0515_10": 439.2884216308594,
        "0515_11": 456.09808349609375,
        "0515_12": 495.9972229003906,
        "0515_13": 479.07257080078125,
        "0515_14": 418.9245910644531,
        "0515_15": 356.8044128417969,
        "0515_16": 281.1839904785156,
        "0515_17": 199.52420043945312,
        "0515_18": 118.61991882324219,
        "0515_19": 25.148488998413086,
        "0515_20": 0.0,
        "0601_08": 332.0329895019531,
        "0601_09": 396.05438232421875,
        "0601_10": 456.49298095703125,
        "0601_11": 476.12811279296875,
        "0601_12": 512.9768676757812,
        "0601_13": 495.858154296875,
        "0601_14": 437.0617370605469,
        "0601_15": 379.27752685546875,
        "0601_16": 307.3150634765625,
        "0601_17": 218.975341796875,
        "0601_18": 140.26031494140625,
        "0601_19": 56.45117950439453,
        "0601_20": 0.0,
        "0615_08": 343.5078430175781,
        "0615_09": 400.67315673828125,
        "0615_10": 459.8750305175781,
        "0615_11": 476.2169494628906,
        "0615_12": 524.17822265625,
        "0615_13": 492.4411315917969,
        "0615_14": 442.37872314453125,
        "0615_15": 387.0495910644531,
        "0615_16": 314.2677917480469,
        "0615_17": 227.75331115722656,
        "0615_18": 151.07818603515625,
        "0615_19": 72.68258666992188,
        "0615_20": 7.785712242126465,
        "0701_08": 338.6552734375,
        "0701_09": 398.6519775390625,
        "0701_10": 458.2507629394531,
        "0701_11": 474.61065673828125,
        "0701_12": 520.9093627929688,
        "0701_13": 490.728759765625,
        "0701_14": 440.78216552734375,
        "0701_15": 383.8006896972656,
        "0701_16": 312.8200988769531,
        "0701_17": 225.74855041503906,
        "0701_18": 149.8409423828125,
        "0701_19": 69.92794799804688,
        "0701_20": 0.0,
        "0715_08": 327.8694763183594,
        "0715_09": 390.3810119628906,
        "0715_10": 450.6037292480469,
        "0715_11": 467.7614440917969,
        "0715_12": 507.6802978515625,
        "0715_13": 489.57293701171875,
        "0715_14": 429.1939697265625,
        "0715_15": 375.17529296875,
        "0715_16": 299.97979736328125,
        "0715_17": 214.67308044433594,
        "0715_18": 137.40113830566406,
        "0715_19": 49.815372467041016,
        "0715_20": 0.0,
        "0801_08": 300.4496154785156,
        "0801_09": 365.4461364746094,
        "0801_10": 429.88360595703125,
        "0801_11": 448.81060791015625,
        "0801_12": 483.13262939453125,
        "0801_13": 469.7198181152344,
        "0801_14": 414.7135925292969,
        "0801_15": 348.74078369140625,
        "0801_16": 274.4127197265625,
        "0801_17": 193.18490600585938,
        "0801_18": 114.29959869384766,
        "0801_19": 22.815767288208008,
        "0801_20": 0.0,
        "0815_08": 276.6820373535156,
        "0815_09": 339.6454162597656,
        "0815_10": 402.198974609375,
        "0815_11": 424.288330078125,
        "0815_12": 455.71478271484375,
        "0815_13": 437.6795349121094,
        "0815_14": 386.65069580078125,
        "0815_15": 322.91925048828125,
        "0815_16": 251.2162322998047,
        "0815_17": 170.09901428222656,
        "0815_18": 86.47975158691406,
        "0815_19": 12.110629081726074,
        "0815_20": 0.0,
        "0901_08": 233.85662841796875,
        "0901_09": 311.4251708984375,
        "0901_10": 365.51556396484375,
        "0901_11": 389.26165771484375,
        "0901_12": 408.572265625,
        "0901_13": 386.1298522949219,
        "0901_14": 346.43316650390625,
        "0901_15": 297.9015197753906,
        "0901_16": 208.31427001953125,
        "0901_17": 133.13873291015625,
        "0901_18": 29.926530838012695,
        "0901_19": 0.0,
        "0901_20": 0.0,
        "0915_08": 194.58155822753906,
        "0915_09": 270.2256774902344,
        "0915_10": 317.48956298828125,
        "0915_11": 347.33331298828125,
        "0915_12": 362.69281005859375,
        "0915_13": 350.1376037597656,
        "0915_14": 311.1573181152344,
        "0915_15": 258.4033508300781,
        "0915_16": 176.88180541992188,
        "0915_17": 98.23759460449219,
        "0915_18": 16.380210876464844,
        "0915_19": 0.0,
        "0915_20": 0.0,
        "osm_id": 24717427,
        "beschränkung": "Kostenfrei",
        "access": "yes",
        "leisure": "playground",
        "wheelchair": "no"
      }
    },
    {
      "type": "Feature",
      "geometry": {
        "type": "Point",
        "coordinates": [
          8.786857585714285,
          49.395012971428564
        ]
      },
      "properties": {
        "0401_08": 107.08023071289062,
        "0401_09": 197.98739624023438,
        "0401_10": 315.56658935546875,
        "0401_11": 401.5146179199219,
        "0401_12": 461.5301513671875,
        "0401_13": 462.37255859375,
        "0401_14": 432.5599060058594,
        "0401_15": 350.39410400390625,
        "0401_16": 239.0741729736328,
        "0401_17": 109.24576568603516,
        "0401_18": 25.31344223022461,
        "0401_19": 0.0,
        "0401_20": 0.0,
        "0415_08": 135.26853942871094,
        "0415_09": 254.7190399169922,
        "0415_10": 390.770751953125,
        "0415_11": 498.44952392578125,
        "0415_12": 533.8390502929688,
        "0415_13": 555.8900756835938,
        "0415_14": 507.7261047363281,
        "0415_15": 425.89471435546875,
        "0415_16": 309.1288146972656,
        "0415_17": 153.81507873535156,
        "0415_18": 41.695831298828125,
        "0415_19": 0.0,
        "0415_20": 0.0,
        "0501_08": 176.71624755859375,
        "0501_09": 325.4004211425781,
        "0501_10": 471.76458740234375,
        "0501_11": 563.99462890625,
        "0501_12": 622.4010620117188,
        "0501_13": 633.1192626953125,
        "0501_14": 580.9419555664062,
        "0501_15": 475.2894592285156,
        "0501_16": 361.897216796875,
        "0501_17": 201.84857177734375,
        "0501_18": 56.45858383178711,
        "0501_19": 18.510093688964844,
        "0501_20": 0.0,
        "0515_08": 252.42471313476562,
        "0515_09": 369.8405456542969,
        "0515_10": 517.9901123046875,
        "0515_11": 610.5814819335938,
        "0515_12": 672.2340087890625,
        "0515_13": 670.9693603515625,
        "0515_14": 622.451416015625,
        "0515_15": 521.0974731445312,
        "0515_16": 401.243408203125,
        "0515_17": 241.02259826660156,
        "0515_18": 97.3071517944336,
        "0515_19": 31.03206443786621,
        "0515_20": 0.0,
        "0601_08": 301.10955810546875,
        "0601_09": 424.8238220214844,
        "0601_10": 560.7993774414062,
        "0601_11": 667.7235107421875,
        "0601_12": 711.5021362304688,
        "0601_13": 701.8641967773438,
        "0601_14": 651.28955078125,
        "0601_15": 564.031494140625,
        "0601_16": 431.9539794921875,
        "0601_17": 255.2969207763672,
        "0601_18": 119.22138977050781,
        "0601_19": 40.774749755859375,
        "0601_20": 0.0,
        "0615_08": 337.9272766113281,
        "0615_09": 448.0461730957031,
        "0615_10": 579.416748046875,
        "0615_11": 662.8380737304688,
        "0615_12": 729.540283203125,
        "0615_13": 706.2548828125,
        "0615_14": 669.2876586914062,
        "0615_15": 578.7109985351562,
        "0615_16": 437.55523681640625,
        "0615_17": 271.9333190917969,
        "0615_18": 129.02117919921875,
        "0615_19": 44.37580490112305,
        "0615_20": 9.636229515075684,
        "0701_08": 315.50799560546875,
        "0701_09": 446.301025390625,
        "0701_10": 577.3304443359375,
        "0701_11": 660.566650390625,
        "0701_12": 726.9957885742188,
        "0701_13": 703.7103271484375,
        "0701_14": 662.873779296875,
        "0701_15": 576.0198974609375,
        "0701_16": 435.0545349121094,
        "0701_17": 270.0022888183594,
        "0701_18": 126.65939331054688,
        "0701_19": 43.72500228881836,
        "0701_20": 0.0,
        "0715_08": 287.9549560546875,
        "0715_09": 416.4291076660156,
        "0715_10": 548.9618530273438,
        "0715_11": 657.4384155273438,
        "0715_12": 704.7498168945312,
        "0715_13": 693.5728149414062,
        "0715_14": 644.216552734375,
        "0715_15": 548.2764282226562,
        "0715_16": 421.1983642578125,
        "0715_17": 254.1022186279297,
        "0715_18": 117.8021240234375,
        "0715_19": 39.03300094604492,
        "0715_20": 0.0,
        "0801_08": 228.05978393554688,
        "0801_09": 354.24432373046875,
        "0801_10": 497.51263427734375,
        "0801_11": 597.5493774414062,
        "0801_12": 661.1304931640625,
        "0801_13": 656.0445556640625,
        "0801_14": 607.4413452148438,
        "0801_15": 504.69635009765625,
        "0801_16": 388.45416259765625,
        "0801_17": 227.5501251220703,
        "0801_18": 92.60926055908203,
        "0801_19": 28.155248641967773,
        "0801_20": 0.0,
        "0815_08": 170.5320587158203,
        "0815_09": 311.3034362792969,
        "0815_10": 462.7451477050781,
        "0815_11": 554.6499633789062,
        "0815_12": 596.46826171875,
        "0815_13": 611.9645385742188,
        "0815_14": 568.5842895507812,
        "0815_15": 457.8979797363281,
        "0815_16": 348.8282470703125,
        "0815_17": 188.7888641357422,
        "0815_18": 53.243125915527344,
        "0815_19": 14.953857421875,
        "0815_20": 0.0,
        "0901_08": 129.00733947753906,
        "0901_09": 234.87107849121094,
        "0901_10": 363.594482421875,
        "0901_11": 451.67791748046875,
        "0901_12": 514.1211547851562,
        "0901_13": 526.4360961914062,
        "0901_14": 482.1934509277344,
        "0901_15": 400.4238586425781,
        "0901_16": 282.095947265625,
        "0901_17": 138.9016571044922,
        "0901_18": 36.90737533569336,
        "0901_19": 0.0,
        "0901_20": 0.0,
        "0915_08": 102.67442321777344,
        "0915_09": 173.5149383544922,
        "0915_10": 298.165283203125,
        "0915_11": 392.858154296875,
        "0915_12": 431.1765441894531,
        "0915_13": 444.71270751953125,
        "0915_14": 404.63763427734375,
        "0915_15": 322.66796875,
        "0915_16": 222.00999450683594,
        "0915_17": 78.69210815429688,
        "0915_18": 20.200456619262695,
        "0915_19": 0.0,
        "0915_20": 0.0,
        "osm_id": 25048479,
        "beschränkung": "Kostenfrei",
        "leisure": "playground",
        "name": "Ziegelhütte-Leinpfad",
        "opening_hours": "08:00-13:00,15:00-20:00"
      }
    },
    {
      "type": "Feature",
      "geometry": {
        "type": "Point",
        "coordinates": [
          8.79998202857143,
          49.386174842857145
        ]
      },
      "properties": {
        "0401_08": 480.0066223144531,
        "0401_09": 602.6469116210938,
        "0401_10": 673.4797973632812,
        "0401_11": 641.217041015625,
        "0401_12": 604.4896240234375,
        "0401_13": 466.0975646972656,
        "0401_14": 343.253173828125,
        "0401_15": 231.11434936523438,
        "0401_16": 119.73945617675781,
        "0401_17": 59.780033111572266,
        "0401_18": 22.307552337646484,
        "0401_19": 0.0,
        "0401_20": 0.0,
        "0415_08": 538.8007202148438,
        "0415_09": 662.1572875976562,
        "0415_10": 720.1762084960938,
        "0415_11": 705.3375244140625,
        "0415_12": 641.675537109375,
        "0415_13": 532.1316528320312,
        "0415_14": 372.5341796875,
        "0415_15": 265.60125732421875,
        "0415_16": 163.45262145996094,
        "0415_17": 76.6693115234375,
        "0415_18": 36.7440299987793,
        "0415_19": 0.0,
        "0415_20": 0.0,
        "0501_08": 580.30712890625,
        "0501_09": 691.8733520507812,
        "0501_10": 758.4926147460938,
        "0501_11": 739.66552734375,
        "0501_12": 674.43359375,
        "0501_13": 589.2274169921875,
        "0501_14": 400.19012451171875,
        "0501_15": 270.9620666503906,
        "0501_16": 164.32347106933594,
        "0501_17": 93.65428924560547,
        "0501_18": 50.57842254638672,
        "0501_19": 16.300880432128906,
        "0501_20": 0.0,
        "0515_08": 605.2105102539062,
        "0515_09": 711.0225219726562,
        "0515_10": 771.7996215820312,
        "0515_11": 759.3052978515625,
        "0515_12": 699.2161254882812,
        "0515_13": 603.0814819335938,
        "0515_14": 401.7891540527344,
        "0515_15": 283.1892395019531,
        "0515_16": 186.77247619628906,
        "0515_17": 104.66145324707031,
        "0515_18": 58.666019439697266,
        "0515_19": 27.33633804321289,
        "0515_20": 0.0,
        "0601_08": 620.9888305664062,
        "0601_09": 735.5111694335938,
        "0601_10": 784.5663452148438,
        "0601_11": 767.0650634765625,
        "0601_12": 707.2239990234375,
        "0601_13": 616.9177856445312,
        "0601_14": 408.49359130859375,
        "0601_15": 296.8509521484375,
        "0601_16": 189.09104919433594,
        "0601_17": 111.23780059814453,
        "0601_18": 66.87528228759766,
        "0601_19": 36.29661178588867,
        "0601_20": 0.0,
        "0615_08": 633.6444702148438,
        "0615_09": 738.595703125,
        "0615_10": 786.5620727539062,
        "0615_11": 768.4660034179688,
        "0615_12": 720.1104125976562,
        "0615_13": 619.1618041992188,
        "0615_14": 434.32879638671875,
        "0615_15": 304.2684631347656,
        "0615_16": 199.62380981445312,
        "0615_17": 135.51332092285156,
        "0615_18": 69.42374420166016,
        "0615_19": 39.56370544433594,
        "0615_20": 8.471150398254395,
        "0701_08": 631.384765625,
        "0701_09": 736.3754272460938,
        "0701_10": 784.3916015625,
        "0701_11": 766.427734375,
        "0701_12": 718.1083374023438,
        "0701_13": 617.3511962890625,
        "0701_14": 432.98968505859375,
        "0701_15": 303.0963439941406,
        "0701_16": 198.69557189941406,
        "0701_17": 134.72494506835938,
        "0701_18": 68.8717041015625,
        "0701_19": 38.974246978759766,
        "0701_20": 0.0,
        "0715_08": 614.8666381835938,
        "0715_09": 722.8036499023438,
        "0715_10": 778.5598754882812,
        "0715_11": 761.4214477539062,
        "0715_12": 701.8803100585938,
        "0715_13": 612.0223999023438,
        "0715_14": 405.0780029296875,
        "0715_15": 282.250244140625,
        "0715_16": 186.67393493652344,
        "0715_17": 109.56748962402344,
        "0715_18": 63.934478759765625,
        "0715_19": 34.724029541015625,
        "0715_20": 0.0,
        "0801_08": 594.4391479492188,
        "0801_09": 700.4309692382812,
        "0801_10": 764.3933715820312,
        "0801_11": 749.2587890625,
        "0801_12": 689.7595825195312,
        "0801_13": 594.650390625,
        "0801_14": 404.8843078613281,
        "0801_15": 277.97137451171875,
        "0801_16": 178.5764617919922,
        "0801_17": 101.85832214355469,
        "0801_18": 55.74313735961914,
        "0801_19": 24.80113983154297,
        "0801_20": 0.0,
        "0815_08": 566.0563354492188,
        "0815_09": 677.7261962890625,
        "0815_10": 744.1962890625,
        "0815_11": 726.3069458007812,
        "0815_12": 662.1199340820312,
        "0815_13": 564.4539794921875,
        "0815_14": 392.1551208496094,
        "0815_15": 264.2662658691406,
        "0815_16": 159.6870880126953,
        "0815_17": 90.65209197998047,
        "0815_18": 47.64704895019531,
        "0815_19": 13.166985511779785,
        "0815_20": 0.0,
        "0901_08": 517.57275390625,
        "0901_09": 632.49609375,
        "0901_10": 700.046142578125,
        "0901_11": 686.69384765625,
        "0901_12": 619.07568359375,
        "0901_13": 501.088134765625,
        "0901_14": 361.68377685546875,
        "0901_15": 250.6094207763672,
        "0901_16": 136.86073303222656,
        "0901_17": 74.1305160522461,
        "0901_18": 32.524322509765625,
        "0901_19": 0.0,
        "0901_20": 0.0,
        "0915_08": 438.3508605957031,
        "0915_09": 579.7542724609375,
        "0915_10": 650.9284057617188,
        "0915_11": 621.0602416992188,
        "0915_12": 549.8313598632812,
        "0915_13": 451.369384765625,
        "0915_14": 331.4111633300781,
        "0915_15": 216.00607299804688,
        "0915_16": 113.79292297363281,
        "0915_17": 55.27654266357422,
        "0915_18": 17.801908493041992,
        "0915_19": 0.0,
        "0915_20": 0.0,
        "osm_id": 25057688,
        "beschränkung": "Kostenfrei",
        "access": "yes",
        "leisure": "playground",
        "name": "Reichensteinstraße 40"
      }
    },
    {
      "type": "Feature",
      "geometry": {
        "type": "Point",
        "coordinates": [
          8.80164689,
          49.39343246
        ]
      },
      "properties": {
        "0401_08": 185.50111389160156,
        "0401_09": 319.5242004394531,
        "0401_10": 412.7402038574219,
        "0401_11": 484.1929016113281,
        "0401_12": 506.157470703125,
        "0401_13": 465.52032470703125,
        "0401_14": 390.5906066894531,
        "0401_15": 258.55206298828125,
        "0401_16": 147.26806640625,
        "0401_17": 78.92733001708984,
        "0401_18": 23.745542526245117,
        "0401_19": 0.0,
        "0401_20": 0.0,
        "0415_08": 236.02182006835938,
        "0415_09": 381.4772644042969,
        "0415_10": 482.9073791503906,
        "0415_11": 563.6094970703125,
        "0415_12": 578.9863891601562,
        "0415_13": 533.119140625,
        "0415_14": 453.35760498046875,
        "0415_15": 313.33001708984375,
        "0415_16": 189.11761474609375,
        "0415_17": 113.95750427246094,
        "0415_18": 46.167850494384766,
        "0415_19": 0.0,
        "0415_20": 0.0,
        "0501_08": 284.20281982421875,
        "0501_09": 429.3986511230469,
        "0501_10": 551.2240600585938,
        "0501_11": 614.7869873046875,
        "0501_12": 632.6434936523438,
        "0501_13": 587.3297729492188,
        "0501_14": 508.49298095703125,
        "0501_15": 358.83660888671875,
        "0501_16": 226.43951416015625,
        "0501_17": 146.892578125,
        "0501_18": 69.66962432861328,
        "0501_19": 17.361492156982422,
        "0501_20": 0.0,
        "0515_08": 317.8015441894531,
        "0515_09": 456.8778381347656,
        "0515_10": 567.1473388671875,
        "0515_11": 641.4898071289062,
        "0515_12": 671.4728393554688,
        "0515_13": 631.482421875,
        "0515_14": 530.0604858398438,
        "0515_15": 397.6092529296875,
        "0515_16": 263.8622131347656,
        "0515_17": 167.57420349121094,
        "0515_18": 90.82572937011719,
        "0515_19": 29.107938766479492,
        "0515_20": 0.0,
        "0601_08": 345.1001281738281,
        "0601_09": 483.9532165527344,
        "0601_10": 585.7639770507812,
        "0601_11": 667.2481689453125,
        "0601_12": 692.4061889648438,
        "0601_13": 657.1165161132812,
        "0601_14": 556.567138671875,
        "0601_15": 434.7606506347656,
        "0601_16": 285.8773498535156,
        "0601_17": 179.04640197753906,
        "0601_18": 110.1358871459961,
        "0601_19": 55.91685104370117,
        "0601_20": 0.0,
        "0615_08": 345.70306396484375,
        "0615_09": 489.0667419433594,
        "0615_10": 599.5950317382812,
        "0615_11": 681.84619140625,
        "0615_12": 711.93994140625,
        "0615_13": 661.3803100585938,
        "0615_14": 573.2413330078125,
        "0615_15": 442.6609191894531,
        "0615_16": 302.2810363769531,
        "0615_17": 199.08055114746094,
        "0615_18": 117.15497589111328,
        "0615_19": 61.74152374267578,
        "0615_20": 9.035469055175781,
        "0701_08": 344.0959777832031,
        "0701_09": 487.1249084472656,
        "0701_10": 590.0225830078125,
        "0701_11": 679.577880859375,
        "0701_12": 709.6115112304688,
        "0701_13": 659.1636352539062,
        "0701_14": 567.4779663085938,
        "0701_15": 440.91400146484375,
        "0701_16": 294.7332763671875,
        "0701_17": 198.02940368652344,
        "0701_18": 116.28990173339844,
        "0701_19": 60.519283294677734,
        "0701_20": 0.0,
        "0715_08": 337.62591552734375,
        "0715_09": 473.12835693359375,
        "0715_10": 580.15380859375,
        "0715_11": 658.919677734375,
        "0715_12": 686.1929321289062,
        "0715_13": 651.0553588867188,
        "0715_14": 555.1234130859375,
        "0715_15": 422.2156066894531,
        "0715_16": 281.2606506347656,
        "0715_17": 176.5289764404297,
        "0715_18": 105.17467498779297,
        "0715_19": 53.402137756347656,
        "0715_20": 0.0,
        "0801_08": 306.3198547363281,
        "0801_09": 446.66461181640625,
        "0801_10": 570.2488403320312,
        "0801_11": 631.2723388671875,
        "0801_12": 658.7161865234375,
        "0801_13": 618.990478515625,
        "0801_14": 531.5730590820312,
        "0801_15": 381.072509765625,
        "0801_16": 255.0218963623047,
        "0801_17": 161.3018341064453,
        "0801_18": 82.92223358154297,
        "0801_19": 26.40930938720703,
        "0801_20": 0.0,
        "0815_08": 266.265869140625,
        "0815_09": 415.06231689453125,
        "0815_10": 541.76318359375,
        "0815_11": 592.5496826171875,
        "0815_12": 619.4784545898438,
        "0815_13": 572.0178833007812,
        "0815_14": 504.0805969238281,
        "0815_15": 342.52294921875,
        "0815_16": 218.3056640625,
        "0815_17": 135.79237365722656,
        "0815_18": 65.00344848632812,
        "0815_19": 14.02553653717041,
        "0815_20": 0.0,
        "0901_08": 211.78350830078125,
        "0901_09": 355.49884033203125,
        "0901_10": 463.6163635253906,
        "0901_11": 532.4169311523438,
        "0901_12": 547.6432495117188,
        "0901_13": 507.92108154296875,
        "0901_14": 431.40960693359375,
        "0901_15": 298.06634521484375,
        "0901_16": 178.68072509765625,
        "0901_17": 99.6084976196289,
        "0901_18": 34.621273040771484,
        "0901_19": 0.0,
        "0901_20": 0.0,
        "0915_08": 169.74017333984375,
        "0915_09": 291.8294982910156,
        "0915_10": 394.0214538574219,
        "0915_11": 467.0805969238281,
        "0915_12": 465.33770751953125,
        "0915_13": 441.7994384765625,
        "0915_14": 368.54736328125,
        "0915_15": 241.76783752441406,
        "0915_16": 135.16795349121094,
        "0915_17": 72.2833023071289,
        "0915_18": 18.94928741455078,
        "0915_19": 0.0,
        "0915_20": 0.0,
        "osm_id": 25099700,
        "beschränkung": "Kostenfrei",
        "access": "yes",
        "leisure": "playground",
        "name": "Menzerpark Dilsberger Straße",
        "opening_hours": "08:00-13:00,15:00-20:00",
        "wheelchair": "yes"
      }
    },
    {
      "type": "Feature",
      "geometry": {
        "type": "Point",
        "coordinates": [
          8.842188742857143,
          49.3920574
        ]
      },
      "properties": {
        "0401_08": 176.9386444091797,
        "0401_09": 311.25921630859375,
        "0401_10": 383.04620361328125,
        "0401_11": 474.822998046875,
        "0401_12": 516.040771484375,
        "0401_13": 514.8765869140625,
        "0401_14": 454.822021484375,
        "0401_15": 391.7716369628906,
        "0401_16": 291.51104736328125,
        "0401_17": 166.2112274169922,
        "0401_18": 24.167924880981445,
        "0401_19": 0.0,
        "0401_20": 0.0,
        "0415_08": 233.97988891601562,
        "0415_09": 365.35601806640625,
        "0415_10": 452.5723876953125,
        "0415_11": 531.867431640625,
        "0415_12": 578.9493408203125,
        "0415_13": 569.0067749023438,
        "0415_14": 528.3536987304688,
        "0415_15": 444.5353698730469,
        "0415_16": 340.41058349609375,
        "0415_17": 229.07736206054688,
        "0415_18": 77.17110443115234,
        "0415_19": 0.0,
        "0415_20": 0.0,
        "0501_08": 310.0894470214844,
        "0501_09": 418.910400390625,
        "0501_10": 505.28765869140625,
        "0501_11": 582.7733764648438,
        "0501_12": 624.672119140625,
        "0501_13": 628.0428466796875,
        "0501_14": 573.813232421875,
        "0501_15": 490.9767761230469,
        "0501_16": 393.88519287109375,
        "0501_17": 281.37762451171875,
        "0501_18": 131.43670654296875,
        "0501_19": 17.305591583251953,
        "0501_20": 0.0,
        "0515_08": 347.3098449707031,
        "0515_09": 459.2152404785156,
        "0515_10": 535.171630859375,
        "0515_11": 625.43701171875,
        "0515_12": 667.9786376953125,
        "0515_13": 652.12451171875,
        "0515_14": 603.5471801757812,
        "0515_15": 516.320068359375,
        "0515_16": 427.5032958984375,
        "0515_17": 310.62493896484375,
        "0515_18": 160.2300567626953,
        "0515_19": 48.74312210083008,
        "0515_20": 0.0,
        "0601_08": 379.17864990234375,
        "0601_09": 491.0691223144531,
        "0601_10": 573.0485229492188,
        "0601_11": 656.7279052734375,
        "0601_12": 685.5401611328125,
        "0601_13": 679.0773315429688,
        "0601_14": 636.9625244140625,
        "0601_15": 551.206787109375,
        "0601_16": 455.3857116699219,
        "0601_17": 335.9377746582031,
        "0601_18": 188.10585021972656,
        "0601_19": 72.34713745117188,
        "0601_20": 0.0,
        "0615_08": 400.8388977050781,
        "0615_09": 497.0835266113281,
        "0615_10": 589.9700927734375,
        "0615_11": 662.2369995117188,
        "0615_12": 699.0423583984375,
        "0615_13": 684.4662475585938,
        "0615_14": 645.6784057617188,
        "0615_15": 563.6571655273438,
        "0615_16": 462.8147277832031,
        "0615_17": 335.80572509765625,
        "0615_18": 196.09263610839844,
        "0615_19": 82.36506652832031,
        "0615_20": 9.003853797912598,
        "0701_08": 398.6520080566406,
        "0701_09": 494.9384460449219,
        "0701_10": 581.7196044921875,
        "0701_11": 659.8216552734375,
        "0701_12": 696.5092163085938,
        "0701_13": 681.9840698242188,
        "0701_14": 643.2337036132812,
        "0701_15": 561.2937622070312,
        "0701_16": 460.5830383300781,
        "0701_17": 330.5767517089844,
        "0701_18": 194.43740844726562,
        "0701_19": 81.00383758544922,
        "0701_20": 0.0,
        "0715_08": 373.64886474609375,
        "0715_09": 485.312255859375,
        "0715_10": 567.0840454101562,
        "0715_11": 650.16650390625,
        "0715_12": 678.7898559570312,
        "0715_13": 672.4314575195312,
        "0715_14": 630.3939208984375,
        "0715_15": 544.9539794921875,
        "0715_16": 449.3681640625,
        "0715_17": 330.3531494140625,
        "0715_18": 184.96820068359375,
        "0715_19": 68.88618469238281,
        "0715_20": 0.0,
        "0801_08": 336.7099304199219,
        "0801_09": 449.8167419433594,
        "0801_10": 537.4868774414062,
        "0801_11": 614.5775756835938,
        "0801_12": 643.7608642578125,
        "0801_13": 640.9505615234375,
        "0801_14": 603.288818359375,
        "0801_15": 506.04864501953125,
        "0801_16": 413.5491027832031,
        "0801_17": 301.5148620605469,
        "0801_18": 154.59136962890625,
        "0801_19": 43.04832458496094,
        "0801_20": 0.0,
        "0815_08": 297.1513671875,
        "0815_09": 401.03900146484375,
        "0815_10": 492.8356018066406,
        "0815_11": 569.1832885742188,
        "0815_12": 610.6315307617188,
        "0815_13": 613.7677001953125,
        "0815_14": 560.1432495117188,
        "0815_15": 478.15069580078125,
        "0815_16": 382.2940368652344,
        "0815_17": 268.7319641113281,
        "0815_18": 119.65603637695312,
        "0815_19": 13.980020523071289,
        "0815_20": 0.0,
        "0901_08": 208.59487915039062,
        "0901_09": 350.0295715332031,
        "0901_10": 426.48382568359375,
        "0901_11": 508.8729553222656,
        "0901_12": 548.7098999023438,
        "0901_13": 550.0227661132812,
        "0901_14": 509.8280944824219,
        "0901_15": 420.76580810546875,
        "0901_16": 324.88995361328125,
        "0901_17": 209.00428771972656,
        "0901_18": 45.084964752197266,
        "0901_19": 0.0,
        "0901_20": 0.0,
        "0915_08": 162.7913055419922,
        "0915_09": 294.5048522949219,
        "0915_10": 355.519287109375,
        "0915_11": 447.5785827636719,
        "0915_12": 483.13336181640625,
        "0915_13": 494.86444091796875,
        "0915_14": 436.61553955078125,
        "0915_15": 374.5537414550781,
        "0915_16": 269.51263427734375,
        "0915_17": 147.97669982910156,
        "0915_18": 18.89036750793457,
        "0915_19": 0.0,
        "0915_20": 0.0,
        "osm_id": 28286151,
        "beschränkung": "Kostenfrei",
        "leisure": "playground"
      }
    },
    {
      "type": "Feature",
      "geometry": {
        "type": "Point",
        "coordinates": [
          8.808995416666667,
          49.393841883333344
        ]
      },
      "properties": {
        "0401_08": 306.2917785644531,
        "0401_09": 428.5002136230469,
        "0401_10": 486.4597473144531,
        "0401_11": 460.6014099121094,
        "0401_12": 481.8406066894531,
        "0401_13": 393.9616394042969,
        "0401_14": 345.5742492675781,
        "0401_15": 274.8304443359375,
        "0401_16": 171.1375274658203,
        "0401_17": 81.07381439208984,
        "0401_18": 26.30845832824707,
        "0401_19": 0.0,
        "0401_20": 0.0,
        "0415_08": 387.1163635253906,
        "0415_09": 504.56695556640625,
        "0415_10": 571.9385986328125,
        "0415_11": 577.625732421875,
        "0415_12": 572.9859008789062,
        "0415_13": 521.2311401367188,
        "0415_14": 433.65631103515625,
        "0415_15": 336.9692077636719,
        "0415_16": 238.61532592773438,
        "0415_17": 137.2227325439453,
        "0415_18": 54.57741165161133,
        "0415_19": 0.0,
        "0415_20": 0.0,
        "0501_08": 451.49237060546875,
        "0501_09": 572.4992065429688,
        "0501_10": 655.6473388671875,
        "0501_11": 668.4640502929688,
        "0501_12": 666.5105590820312,
        "0501_13": 609.1279296875,
        "0501_14": 530.8509521484375,
        "0501_15": 404.74969482421875,
        "0501_16": 290.8044128417969,
        "0501_17": 202.0531768798828,
        "0501_18": 94.81026458740234,
        "0501_19": 19.23598289489746,
        "0501_20": 0.0,
        "0515_08": 494.29327392578125,
        "0515_09": 611.6814575195312,
        "0515_10": 694.7842407226562,
        "0515_11": 711.7869873046875,
        "0515_12": 713.14990234375,
        "0515_13": 670.7969970703125,
        "0515_14": 580.6931762695312,
        "0515_15": 462.7696228027344,
        "0515_16": 332.66217041015625,
        "0515_17": 229.28680419921875,
        "0515_18": 132.55044555664062,
        "0515_19": 32.25022888183594,
        "0515_20": 0.0,
        "0601_08": 527.8817749023438,
        "0601_09": 646.7527465820312,
        "0601_10": 721.9513549804688,
        "0601_11": 762.0989990234375,
        "0601_12": 770.6033325195312,
        "0601_13": 735.5167846679688,
        "0601_14": 634.4539794921875,
        "0601_15": 514.5263671875,
        "0601_16": 364.39825439453125,
        "0601_17": 255.79190063476562,
        "0601_18": 158.75186157226562,
        "0601_19": 42.37594985961914,
        "0601_20": 0.0,
        "0615_08": 539.864501953125,
        "0615_09": 657.54443359375,
        "0615_10": 741.369140625,
        "0615_11": 770.0924072265625,
        "0615_12": 781.6238403320312,
        "0615_13": 739.0916137695312,
        "0615_14": 654.2994995117188,
        "0615_15": 532.4693603515625,
        "0615_16": 375.7499084472656,
        "0615_17": 293.89453125,
        "0615_18": 168.19297790527344,
        "0615_19": 59.00741195678711,
        "0615_20": 10.011845588684082,
        "0701_08": 536.714111328125,
        "0701_09": 654.3385009765625,
        "0701_10": 727.9661865234375,
        "0701_11": 767.0413208007812,
        "0701_12": 778.5730590820312,
        "0701_13": 736.1572875976562,
        "0701_14": 651.4876708984375,
        "0701_15": 529.9500122070312,
        "0701_16": 373.735107421875,
        "0701_17": 291.7616271972656,
        "0701_18": 166.34600830078125,
        "0701_19": 53.769439697265625,
        "0701_20": 0.0,
        "0715_08": 519.5260620117188,
        "0715_09": 633.4099731445312,
        "0715_10": 713.4902954101562,
        "0715_11": 739.7039794921875,
        "0715_12": 762.4514770507812,
        "0715_13": 710.651123046875,
        "0715_14": 623.0237426757812,
        "0715_15": 491.9308166503906,
        "0715_16": 354.85406494140625,
        "0715_17": 248.3963623046875,
        "0715_18": 151.5649871826172,
        "0715_19": 40.56573486328125,
        "0715_20": 0.0,
        "0801_08": 480.5282287597656,
        "0801_09": 597.8599243164062,
        "0801_10": 677.772216796875,
        "0801_11": 698.5737915039062,
        "0801_12": 700.0895385742188,
        "0801_13": 654.1328125,
        "0801_14": 558.323974609375,
        "0801_15": 442.731201171875,
        "0801_16": 320.7901916503906,
        "0801_17": 221.37203979492188,
        "0801_18": 115.66511535644531,
        "0801_19": 29.26033592224121,
        "0801_20": 0.0,
        "0815_08": 434.706298828125,
        "0815_09": 554.9375610351562,
        "0815_10": 637.7991333007812,
        "0815_11": 649.56201171875,
        "0815_12": 644.5436401367188,
        "0815_13": 591.8507080078125,
        "0815_14": 521.9115600585938,
        "0815_15": 392.97711181640625,
        "0815_16": 280.9534912109375,
        "0815_17": 187.19236755371094,
        "0815_18": 84.59357452392578,
        "0815_19": 15.539966583251953,
        "0815_20": 0.0,
        "0901_08": 348.4483337402344,
        "0901_09": 471.4089660644531,
        "0901_10": 548.677978515625,
        "0901_11": 550.2770385742188,
        "0901_12": 527.3541259765625,
        "0901_13": 472.3771057128906,
        "0901_14": 399.05712890625,
        "0901_15": 296.18951416015625,
        "0901_16": 219.5035400390625,
        "0901_17": 118.65424346923828,
        "0901_18": 45.27381896972656,
        "0901_19": 0.0,
        "0901_20": 0.0,
        "0915_08": 284.85491943359375,
        "0915_09": 404.6537170410156,
        "0915_10": 463.3268127441406,
        "0915_11": 437.14080810546875,
        "0915_12": 411.1454162597656,
        "0915_13": 377.9359130859375,
        "0915_14": 321.815673828125,
        "0915_15": 243.1154022216797,
        "0915_16": 149.664306640625,
        "0915_17": 70.71794128417969,
        "0915_18": 20.994522094726562,
        "0915_19": 0.0,
        "0915_20": 0.0,
        "osm_id": 35898984,
        "beschränkung": "Zahlungspflichtig",
        "access": "customers",
        "leisure": "playground",
        "wheelchair": "yes"
      }
    },
    {
      "type": "Feature",
      "geometry": {
        "type": "Point",
        "coordinates": [
          8.76580674,
          49.37662500999999
        ]
      },
      "properties": {
        "0401_08": 211.42396545410156,
        "0401_09": 294.3383483886719,
        "0401_10": 352.8357238769531,
        "0401_11": 380.1002197265625,
        "0401_12": 403.8056945800781,
        "0401_13": 360.0220642089844,
        "0401_14": 316.7350769042969,
        "0401_15": 261.9169921875,
        "0401_16": 180.0184783935547,
        "0401_17": 72.18973541259766,
        "0401_18": 21.34403419494629,
        "0401_19": 0.0,
        "0401_20": 0.0,
        "0415_08": 262.20513916015625,
        "0415_09": 337.4058532714844,
        "0415_10": 386.920654296875,
        "0415_11": 414.8626708984375,
        "0415_12": 452.3486633300781,
        "0415_13": 418.1263427734375,
        "0415_14": 357.91064453125,
        "0415_15": 301.7762145996094,
        "0415_16": 211.38673400878906,
        "0415_17": 122.58129119873047,
        "0415_18": 40.01630783081055,
        "0415_19": 0.0,
        "0415_20": 0.0,
        "0501_08": 300.5602111816406,
        "0501_09": 383.1478576660156,
        "0501_10": 432.64532470703125,
        "0501_11": 460.06036376953125,
        "0501_12": 500.3809814453125,
        "0501_13": 457.5093078613281,
        "0501_14": 406.4822082519531,
        "0501_15": 335.5483093261719,
        "0501_16": 254.2758331298828,
        "0501_17": 153.04483032226562,
        "0501_18": 69.67041015625,
        "0501_19": 15.585273742675781,
        "0501_20": 0.0,
        "0515_08": 321.8209228515625,
        "0515_09": 408.29095458984375,
        "0515_10": 455.27557373046875,
        "0515_11": 509.63726806640625,
        "0515_12": 532.6554565429688,
        "0515_13": 496.3311767578125,
        "0515_14": 429.57025146484375,
        "0515_15": 370.14056396484375,
        "0515_16": 283.33709716796875,
        "0515_17": 179.1168670654297,
        "0515_18": 88.61569213867188,
        "0515_19": 26.144529342651367,
        "0515_20": 0.0,
        "0601_08": 356.49505615234375,
        "0601_09": 427.1496887207031,
        "0601_10": 481.4773254394531,
        "0601_11": 536.4151611328125,
        "0601_12": 558.0133666992188,
        "0601_13": 521.3179321289062,
        "0601_14": 471.8320007324219,
        "0601_15": 397.69439697265625,
        "0601_16": 298.0655517578125,
        "0601_17": 198.05499267578125,
        "0601_18": 99.66017150878906,
        "0601_19": 34.36040115356445,
        "0601_20": 0.0,
        "0615_08": 353.9981994628906,
        "0615_09": 431.1573791503906,
        "0615_10": 498.3267517089844,
        "0615_11": 548.18115234375,
        "0615_12": 575.7157592773438,
        "0615_13": 526.4769287109375,
        "0615_14": 476.0730285644531,
        "0615_15": 405.4963073730469,
        "0615_16": 300.504150390625,
        "0615_17": 197.35227966308594,
        "0615_18": 105.50030517578125,
        "0615_19": 37.3972053527832,
        "0615_20": 8.083826065063477,
        "0701_08": 352.5102233886719,
        "0701_09": 429.5220947265625,
        "0701_10": 496.6768798828125,
        "0701_11": 546.4410400390625,
        "0701_12": 573.8573608398438,
        "0701_13": 524.6803588867188,
        "0701_14": 474.2938537597656,
        "0701_15": 400.5064697265625,
        "0701_16": 299.1268310546875,
        "0701_17": 196.2115020751953,
        "0701_18": 104.60831451416016,
        "0701_19": 36.84844207763672,
        "0701_20": 0.0,
        "0715_08": 352.4521179199219,
        "0715_09": 422.15753173828125,
        "0715_10": 477.06817626953125,
        "0715_11": 531.7710571289062,
        "0715_12": 548.53955078125,
        "0715_13": 507.4769287109375,
        "0715_14": 464.04840087890625,
        "0715_15": 382.1142578125,
        "0715_16": 294.3373107910156,
        "0715_17": 192.42970275878906,
        "0715_18": 100.18773651123047,
        "0715_19": 32.89174270629883,
        "0715_20": 0.0,
        "0801_08": 315.363525390625,
        "0801_09": 396.44940185546875,
        "0801_10": 449.0129699707031,
        "0801_11": 487.22088623046875,
        "0801_12": 519.7061157226562,
        "0801_13": 484.67059326171875,
        "0801_14": 418.30914306640625,
        "0801_15": 355.40509033203125,
        "0801_16": 270.1477355957031,
        "0801_17": 169.41883850097656,
        "0801_18": 86.48605346679688,
        "0801_19": 23.718833923339844,
        "0801_20": 0.0,
        "0815_08": 292.601806640625,
        "0815_09": 374.02703857421875,
        "0815_10": 418.33428955078125,
        "0815_11": 439.75714111328125,
        "0815_12": 484.6755065917969,
        "0815_13": 442.6490478515625,
        "0815_14": 393.885986328125,
        "0815_15": 327.30657958984375,
        "0815_16": 246.4062042236328,
        "0815_17": 141.18923950195312,
        "0815_18": 63.33885955810547,
        "0815_19": 12.58678913116455,
        "0815_20": 0.0,
        "0901_08": 243.59173583984375,
        "0901_09": 317.65911865234375,
        "0901_10": 375.3805236816406,
        "0901_11": 399.6510925292969,
        "0901_12": 433.1502685546875,
        "0901_13": 405.8877868652344,
        "0901_14": 343.2129821777344,
        "0901_15": 286.4524230957031,
        "0901_16": 200.79644775390625,
        "0901_17": 113.96658325195312,
        "0901_18": 31.119077682495117,
        "0901_19": 0.0,
        "0901_20": 0.0,
        "0915_08": 199.3650360107422,
        "0915_09": 272.3641662597656,
        "0915_10": 336.79022216796875,
        "0915_11": 363.3847961425781,
        "0915_12": 378.74560546875,
        "0915_13": 340.2879943847656,
        "0915_14": 300.75933837890625,
        "0915_15": 247.86355590820312,
        "0915_16": 165.07521057128906,
        "0915_17": 61.63933563232422,
        "0915_18": 17.0331974029541,
        "0915_19": 0.0,
        "0915_20": 0.0,
        "osm_id": 47083957,
        "beschränkung": "Kostenfrei",
        "leisure": "playground",
        "name": "Unterer Eulenscheich 21",
        "note": "\"Unterer\" mit einem \"r\" am Ende steht wirklich so auf dem Schild.",
        "source:geometry": "HiRes aerial imagery"
      }
    },
    {
      "type": "Feature",
      "geometry": {
        "type": "Point",
        "coordinates": [
          8.798120257142857,
          49.391558228571434
        ]
      },
      "properties": {
        "0401_08": 180.12982177734375,
        "0401_09": 401.3409729003906,
        "0401_10": 467.0271301269531,
        "0401_11": 441.3184509277344,
        "0401_12": 448.66424560546875,
        "0401_13": 350.1177673339844,
        "0401_14": 258.68878173828125,
        "0401_15": 125.9019775390625,
        "0401_16": 87.27005767822266,
        "0401_17": 60.165550231933594,
        "0401_18": 23.855812072753906,
        "0401_19": 0.0,
        "0401_20": 0.0,
        "0415_08": 300.23284912109375,
        "0415_09": 482.6471862792969,
        "0415_10": 530.31005859375,
        "0415_11": 523.669189453125,
        "0415_12": 504.2774658203125,
        "0415_13": 433.3725280761719,
        "0415_14": 323.6543884277344,
        "0415_15": 154.50323486328125,
        "0415_16": 101.18873596191406,
        "0415_17": 71.94503784179688,
        "0415_18": 39.294620513916016,
        "0415_19": 0.0,
        "0415_20": 0.0,
        "0501_08": 415.4305114746094,
        "0501_09": 557.4037475585938,
        "0501_10": 593.2224731445312,
        "0501_11": 582.8030395507812,
        "0501_12": 562.7931518554688,
        "0501_13": 498.8368225097656,
        "0501_14": 381.0783386230469,
        "0501_15": 185.49952697753906,
        "0501_16": 117.05168151855469,
        "0501_17": 82.85781860351562,
        "0501_18": 53.20714569091797,
        "0501_19": 17.43956184387207,
        "0501_20": 0.0,
        "0515_08": 474.915283203125,
        "0515_09": 607.5133666992188,
        "0515_10": 633.5145263671875,
        "0515_11": 628.4971923828125,
        "0515_12": 613.1906127929688,
        "0515_13": 547.4713745117188,
        "0515_14": 402.1620178222656,
        "0515_15": 220.84506225585938,
        "0515_16": 137.7625274658203,
        "0515_17": 89.30756378173828,
        "0515_18": 62.00879669189453,
        "0515_19": 29.24065399169922,
        "0515_20": 0.0,
        "0601_08": 515.98046875,
        "0601_09": 641.1341552734375,
        "0601_10": 670.2196044921875,
        "0601_11": 669.4052124023438,
        "0601_12": 649.462890625,
        "0601_13": 581.4537963867188,
        "0601_14": 447.352783203125,
        "0601_15": 247.8430633544922,
        "0601_16": 146.09136962890625,
        "0601_17": 96.18292236328125,
        "0601_18": 68.65521240234375,
        "0601_19": 38.42252731323242,
        "0601_20": 0.0,
        "0615_08": 541.299072265625,
        "0615_09": 647.9925537109375,
        "0615_10": 686.34130859375,
        "0615_11": 674.0238037109375,
        "0615_12": 660.21826171875,
        "0615_13": 589.69677734375,
        "0615_14": 467.7253112792969,
        "0615_15": 263.02734375,
        "0615_16": 157.93295288085938,
        "0615_17": 100.13552856445312,
        "0615_18": 71.02809143066406,
        "0615_19": 41.81631088256836,
        "0615_20": 9.07267951965332,
        "0701_08": 538.8199462890625,
        "0701_09": 645.407958984375,
        "0701_10": 678.3042602539062,
        "0701_11": 671.7167358398438,
        "0701_12": 657.8956298828125,
        "0701_13": 587.572265625,
        "0701_14": 460.6872253417969,
        "0701_15": 262.0003967285156,
        "0701_16": 153.84051513671875,
        "0701_17": 99.60546875,
        "0701_18": 70.49996185302734,
        "0701_19": 41.20297622680664,
        "0701_20": 0.0,
        "0715_08": 509.5815734863281,
        "0715_09": 634.1196899414062,
        "0715_10": 655.0912475585938,
        "0715_11": 657.387451171875,
        "0715_12": 643.26025390625,
        "0715_13": 575.714111328125,
        "0715_14": 435.1270446777344,
        "0715_15": 245.21495056152344,
        "0715_16": 141.15203857421875,
        "0715_17": 94.85536193847656,
        "0715_18": 67.29288482666016,
        "0715_19": 36.78106689453125,
        "0715_20": 0.0,
        "0801_08": 458.27490234375,
        "0801_09": 583.12451171875,
        "0801_10": 610.4064331054688,
        "0801_11": 618.24169921875,
        "0801_12": 603.0699462890625,
        "0801_13": 538.141845703125,
        "0801_14": 406.76165771484375,
        "0801_15": 210.98858642578125,
        "0801_16": 132.044677734375,
        "0801_17": 87.13726043701172,
        "0801_18": 59.61263656616211,
        "0801_19": 26.52949333190918,
        "0801_20": 0.0,
        "0815_08": 397.8577880859375,
        "0815_09": 539.4251708984375,
        "0815_10": 579.57861328125,
        "0815_11": 567.7982788085938,
        "0815_12": 550.3110961914062,
        "0815_13": 486.3348083496094,
        "0815_14": 363.4714660644531,
        "0815_15": 177.48919677734375,
        "0815_16": 114.12586212158203,
        "0815_17": 80.07049560546875,
        "0815_18": 50.176876068115234,
        "0815_19": 14.08812427520752,
        "0815_20": 0.0,
        "0901_08": 264.5938415527344,
        "0901_09": 449.8435974121094,
        "0901_10": 512.0280151367188,
        "0901_11": 485.3759765625,
        "0901_12": 476.1722717285156,
        "0901_13": 403.78460693359375,
        "0901_14": 295.14080810546875,
        "0901_15": 155.10350036621094,
        "0901_16": 98.76471710205078,
        "0901_17": 67.96639251708984,
        "0901_18": 34.781951904296875,
        "0901_19": 0.0,
        "0901_20": 0.0,
        "0915_08": 162.32411193847656,
        "0915_09": 376.87255859375,
        "0915_10": 439.760009765625,
        "0915_11": 430.0328674316406,
        "0915_12": 396.66680908203125,
        "0915_13": 334.79791259765625,
        "0915_14": 234.9164581298828,
        "0915_15": 116.95318603515625,
        "0915_16": 83.36399841308594,
        "0915_17": 55.78773880004883,
        "0915_18": 19.037330627441406,
        "0915_19": 0.0,
        "0915_20": 0.0,
        "osm_id": 59110627,
        "beschränkung": "Kostenfrei",
        "access": "yes",
        "leisure": "playground",
        "name": "Mühlgasse 18"
      }
    },
    {
      "type": "Feature",
      "geometry": {
        "type": "Point",
        "coordinates": [
          8.772789354545454,
          49.37554595454546
        ]
      },
      "properties": {
        "0401_08": 117.70635986328125,
        "0401_09": 210.82460021972656,
        "0401_10": 335.4263610839844,
        "0401_11": 468.4215087890625,
        "0401_12": 579.9052124023438,
        "0401_13": 554.5480346679688,
        "0401_14": 495.1041564941406,
        "0401_15": 369.4895324707031,
        "0401_16": 280.31256103515625,
        "0401_17": 157.62721252441406,
        "0401_18": 25.06939125061035,
        "0401_19": 0.0,
        "0401_20": 0.0,
        "0415_08": 169.8621063232422,
        "0415_09": 270.298583984375,
        "0415_10": 405.6209716796875,
        "0415_11": 560.3058471679688,
        "0415_12": 637.7296142578125,
        "0415_13": 656.8846435546875,
        "0415_14": 575.831298828125,
        "0415_15": 476.673828125,
        "0415_16": 374.0386657714844,
        "0415_17": 207.79039001464844,
        "0415_18": 54.14312744140625,
        "0415_19": 0.0,
        "0415_20": 0.0,
        "0501_08": 211.23678588867188,
        "0501_09": 337.05340576171875,
        "0501_10": 500.4463195800781,
        "0501_11": 638.4328002929688,
        "0501_12": 701.2343139648438,
        "0501_13": 707.4363403320312,
        "0501_14": 654.2070922851562,
        "0501_15": 540.2909545898438,
        "0501_16": 418.81585693359375,
        "0501_17": 281.1629943847656,
        "0501_18": 94.19974517822266,
        "0501_19": 18.303964614868164,
        "0501_20": 0.0,
        "0515_08": 241.9847412109375,
        "0515_09": 372.24884033203125,
        "0515_10": 532.6828002929688,
        "0515_11": 669.1368408203125,
        "0515_12": 736.337158203125,
        "0515_13": 738.9640502929688,
        "0515_14": 692.4857788085938,
        "0515_15": 597.2344970703125,
        "0515_16": 473.8443298339844,
        "0515_17": 323.8218994140625,
        "0515_18": 140.24595642089844,
        "0515_19": 30.706275939941406,
        "0515_20": 0.0,
        "0601_08": 266.3836975097656,
        "0601_09": 422.311279296875,
        "0601_10": 549.7239379882812,
        "0601_11": 688.322509765625,
        "0601_12": 755.947021484375,
        "0601_13": 759.191650390625,
        "0601_14": 714.87255859375,
        "0601_15": 638.077392578125,
        "0601_16": 497.12371826171875,
        "0601_17": 351.7358703613281,
        "0601_18": 177.11810302734375,
        "0601_19": 50.39435958862305,
        "0601_20": 0.0,
        "0615_08": 288.6038513183594,
        "0615_09": 440.8304138183594,
        "0615_10": 578.7262573242188,
        "0615_11": 710.2360229492188,
        "0615_12": 780.6744384765625,
        "0615_13": 765.540283203125,
        "0615_14": 735.5377807617188,
        "0615_15": 646.1251831054688,
        "0615_16": 516.4050903320312,
        "0615_17": 392.20782470703125,
        "0615_18": 196.78848266601562,
        "0615_19": 66.56812286376953,
        "0615_20": 9.491897583007812,
        "0701_08": 287.21295166015625,
        "0701_09": 438.96697998046875,
        "0701_10": 576.4768676757812,
        "0701_11": 707.6615600585938,
        "0701_12": 777.7385864257812,
        "0701_13": 762.7515869140625,
        "0701_14": 732.6528930664062,
        "0701_15": 643.3623046875,
        "0701_16": 513.7919311523438,
        "0701_17": 389.6609802246094,
        "0701_18": 195.111083984375,
        "0701_19": 65.19465637207031,
        "0701_20": 0.0,
        "0715_08": 259.9568786621094,
        "0715_09": 402.1255798339844,
        "0715_10": 543.9464721679688,
        "0715_11": 681.521484375,
        "0715_12": 748.4493408203125,
        "0715_13": 751.6129760742188,
        "0715_14": 707.2122802734375,
        "0715_15": 619.4822998046875,
        "0715_16": 490.29132080078125,
        "0715_17": 345.5308837890625,
        "0715_18": 166.3885040283203,
        "0715_19": 47.531742095947266,
        "0715_20": 0.0,
        "0801_08": 231.19076538085938,
        "0801_09": 357.8005065917969,
        "0801_10": 526.6506958007812,
        "0801_11": 657.6924438476562,
        "0801_12": 723.7667846679688,
        "0801_13": 726.00341796875,
        "0801_14": 676.4869995117188,
        "0801_15": 578.872314453125,
        "0801_16": 452.4766845703125,
        "0801_17": 313.72711181640625,
        "0801_18": 126.26333618164062,
        "0801_19": 28.624897003173828,
        "0801_20": 0.0,
        "0815_08": 200.46994018554688,
        "0815_09": 319.6920166015625,
        "0815_10": 488.3225402832031,
        "0815_11": 617.275390625,
        "0815_12": 685.4540405273438,
        "0815_13": 691.0073852539062,
        "0815_14": 637.831787109375,
        "0815_15": 525.678466796875,
        "0815_16": 405.3697204589844,
        "0815_17": 265.9976501464844,
        "0815_18": 77.32996368408203,
        "0815_19": 14.782134056091309,
        "0815_20": 0.0,
        "0901_08": 142.03836059570312,
        "0901_09": 241.03897094726562,
        "0901_10": 385.92047119140625,
        "0901_11": 518.9081420898438,
        "0901_12": 610.1929931640625,
        "0901_13": 616.6450805664062,
        "0901_14": 554.5393676757812,
        "0901_15": 430.0076904296875,
        "0901_16": 338.3229675292969,
        "0901_17": 192.59864807128906,
        "0901_18": 44.246761322021484,
        "0901_19": 0.0,
        "0901_20": 0.0,
        "0915_08": 103.81747436523438,
        "0915_09": 193.0615692138672,
        "0915_10": 308.4836120605469,
        "0915_11": 439.4921569824219,
        "0915_12": 518.8330688476562,
        "0915_13": 533.2251586914062,
        "0915_14": 461.0921630859375,
        "0915_15": 346.48187255859375,
        "0915_16": 260.1338806152344,
        "0915_17": 139.427490234375,
        "0915_18": 20.006175994873047,
        "0915_19": 0.0,
        "0915_20": 0.0,
        "osm_id": 87320865,
        "beschränkung": "Kostenfrei",
        "leisure": "playground",
        "name": "Schulstraße 26",
        "source:geometry": "HiRes aerial imagery"
      }
    },
    {
      "type": "Feature",
      "geometry": {
        "type": "Point",
        "coordinates": [
          8.804162728571429,
          49.391650728571435
        ]
      },
      "properties": {
        "0401_08": 185.68435668945312,
        "0401_09": 240.82168579101562,
        "0401_10": 288.4905700683594,
        "0401_11": 351.3097229003906,
        "0401_12": 435.6385192871094,
        "0401_13": 439.31744384765625,
        "0401_14": 397.7474365234375,
        "0401_15": 328.7170104980469,
        "0401_16": 250.80870056152344,
        "0401_17": 147.0019073486328,
        "0401_18": 20.482120513916016,
        "0401_19": 0.0,
        "0401_20": 0.0,
        "0415_08": 239.2930908203125,
        "0415_09": 311.3420715332031,
        "0415_10": 406.71820068359375,
        "0415_11": 439.9817199707031,
        "0415_12": 483.95623779296875,
        "0415_13": 488.31561279296875,
        "0415_14": 450.4161071777344,
        "0415_15": 379.660888671875,
        "0415_16": 287.34228515625,
        "0415_17": 185.89414978027344,
        "0415_18": 67.12369537353516,
        "0415_19": 0.0,
        "0415_20": 0.0,
        "0501_08": 288.56781005859375,
        "0501_09": 361.9735107421875,
        "0501_10": 445.58709716796875,
        "0501_11": 496.7288513183594,
        "0501_12": 511.5085754394531,
        "0501_13": 520.2111206054688,
        "0501_14": 481.2653503417969,
        "0501_15": 371.76422119140625,
        "0501_16": 290.3951721191406,
        "0501_17": 217.08853149414062,
        "0501_18": 120.02932739257812,
        "0501_19": 14.973384857177734,
        "0501_20": 0.0,
        "0515_08": 312.20648193359375,
        "0515_09": 384.7307434082031,
        "0515_10": 468.7107238769531,
        "0515_11": 516.3792114257812,
        "0515_12": 526.0387573242188,
        "0515_13": 531.1486206054688,
        "0515_14": 488.797119140625,
        "0515_15": 390.7328186035156,
        "0515_16": 305.9234619140625,
        "0515_17": 235.16665649414062,
        "0515_18": 146.28492736816406,
        "0515_19": 25.105560302734375,
        "0515_20": 0.0,
        "0601_08": 331.0715026855469,
        "0601_09": 412.2783203125,
        "0601_10": 476.8547058105469,
        "0601_11": 530.7854614257812,
        "0601_12": 555.5031127929688,
        "0601_13": 546.1216430664062,
        "0601_14": 502.1987609863281,
        "0601_15": 425.600341796875,
        "0601_16": 328.94610595703125,
        "0601_17": 248.5347900390625,
        "0601_18": 166.0184783935547,
        "0601_19": 62.62540817260742,
        "0601_20": 0.0,
        "0615_08": 339.3827819824219,
        "0615_09": 414.8227233886719,
        "0615_10": 499.50579833984375,
        "0615_11": 533.181884765625,
        "0615_12": 565.5498657226562,
        "0615_13": 547.669189453125,
        "0615_14": 507.8767395019531,
        "0615_15": 427.9120178222656,
        "0615_16": 332.732177734375,
        "0615_17": 270.1780700683594,
        "0615_18": 171.9474639892578,
        "0615_19": 68.92373657226562,
        "0615_20": 7.789859771728516,
        "0701_08": 338.0096740722656,
        "0701_09": 413.4504699707031,
        "0701_10": 477.3318176269531,
        "0701_11": 531.5642700195312,
        "0701_12": 563.9007568359375,
        "0701_13": 546.1178588867188,
        "0701_14": 502.6755676269531,
        "0701_15": 426.54449462890625,
        "0701_16": 331.36651611328125,
        "0701_17": 268.7746887207031,
        "0701_18": 170.6443634033203,
        "0701_19": 67.8062515258789,
        "0701_20": 0.0,
        "0715_08": 327.5673828125,
        "0715_09": 400.01007080078125,
        "0715_10": 472.93023681640625,
        "0715_11": 526.5169677734375,
        "0715_12": 551.1353759765625,
        "0715_13": 542.0109252929688,
        "0715_14": 498.37042236328125,
        "0715_15": 402.12353515625,
        "0715_16": 325.2304992675781,
        "0715_17": 245.03224182128906,
        "0715_18": 159.71192932128906,
        "0715_19": 57.36228561401367,
        "0715_20": 0.0,
        "0801_08": 306.2923583984375,
        "0801_09": 379.0711669921875,
        "0801_10": 471.1884765625,
        "0801_11": 509.2127990722656,
        "0801_12": 518.7219848632812,
        "0801_13": 524.184814453125,
        "0801_14": 483.6551513671875,
        "0801_15": 384.6130676269531,
        "0801_16": 300.1299743652344,
        "0801_17": 229.33180236816406,
        "0801_18": 136.71929931640625,
        "0801_19": 22.777814865112305,
        "0801_20": 0.0,
        "0815_08": 281.3361511230469,
        "0815_09": 354.612060546875,
        "0815_10": 437.119873046875,
        "0815_11": 474.6485595703125,
        "0815_12": 502.11492919921875,
        "0815_13": 497.5306396484375,
        "0815_14": 472.6434326171875,
        "0815_15": 364.0483703613281,
        "0815_16": 282.9780578613281,
        "0815_17": 209.77589416503906,
        "0815_18": 118.71214294433594,
        "0815_19": 12.095907211303711,
        "0815_20": 0.0,
        "0901_08": 199.75167846679688,
        "0901_09": 269.07366943359375,
        "0901_10": 353.528564453125,
        "0901_11": 412.63433837890625,
        "0901_12": 471.2326354980469,
        "0901_13": 469.423095703125,
        "0901_14": 438.88934326171875,
        "0901_15": 358.66748046875,
        "0901_16": 274.24169921875,
        "0901_17": 174.71237182617188,
        "0901_18": 57.60831832885742,
        "0901_19": 0.0,
        "0901_20": 0.0,
        "0915_08": 175.6905059814453,
        "0915_09": 229.28147888183594,
        "0915_10": 279.2795715332031,
        "0915_11": 341.2909240722656,
        "0915_12": 398.4372253417969,
        "0915_13": 426.88092041015625,
        "0915_14": 385.63446044921875,
        "0915_15": 317.0496826171875,
        "0915_16": 239.37815856933594,
        "0915_17": 131.65257263183594,
        "0915_18": 16.345064163208008,
        "0915_19": 0.0,
        "0915_20": 0.0,
        "osm_id": 123592659,
        "beschränkung": "Kostenfrei",
        "leisure": "playground",
        "wheelchair": "no"
      }
    },
    {
      "type": "Feature",
      "geometry": {
        "type": "Point",
        "coordinates": [
          8.7939757375,
          49.3926398125
        ]
      },
      "properties": {
        "0401_08": 162.0786895751953,
        "0401_09": 229.53128051757812,
        "0401_10": 303.40228271484375,
        "0401_11": 376.8150329589844,
        "0401_12": 426.5996398925781,
        "0401_13": 402.1410827636719,
        "0401_14": 393.6467590332031,
        "0401_15": 323.5126953125,
        "0401_16": 230.48472595214844,
        "0401_17": 137.54989624023438,
        "0401_18": 21.525127410888672,
        "0401_19": 0.0,
        "0401_20": 0.0,
        "0415_08": 187.03692626953125,
        "0415_09": 273.9971008300781,
        "0415_10": 348.2068176269531,
        "0415_11": 433.68951416015625,
        "0415_12": 454.4216613769531,
        "0415_13": 446.29815673828125,
        "0415_14": 437.3305969238281,
        "0415_15": 378.0920715332031,
        "0415_16": 289.7476806640625,
        "0415_17": 175.20938110351562,
        "0415_18": 35.455650329589844,
        "0415_19": 0.0,
        "0415_20": 0.0,
        "0501_08": 233.1020965576172,
        "0501_09": 301.412353515625,
        "0501_10": 401.4636535644531,
        "0501_11": 459.04876708984375,
        "0501_12": 478.4673767089844,
        "0501_13": 475.79150390625,
        "0501_14": 466.1705017089844,
        "0501_15": 388.38873291015625,
        "0501_16": 310.9326171875,
        "0501_17": 226.92723083496094,
        "0501_18": 81.56111145019531,
        "0501_19": 15.737092018127441,
        "0501_20": 0.0,
        "0515_08": 248.41311645507812,
        "0515_09": 333.3547058105469,
        "0515_10": 402.2157287597656,
        "0515_11": 478.8113708496094,
        "0515_12": 510.43939208984375,
        "0515_13": 502.4363708496094,
        "0515_14": 480.1011657714844,
        "0515_15": 415.99713134765625,
        "0515_16": 335.9075927734375,
        "0515_17": 245.2382354736328,
        "0515_18": 112.9358901977539,
        "0515_19": 26.385183334350586,
        "0515_20": 0.0,
        "0601_08": 267.76483154296875,
        "0601_09": 340.41363525390625,
        "0601_10": 407.93414306640625,
        "0601_11": 498.53814697265625,
        "0601_12": 521.2579345703125,
        "0601_13": 514.5233154296875,
        "0601_14": 488.15118408203125,
        "0601_15": 441.8740234375,
        "0601_16": 356.4272155761719,
        "0601_17": 244.28350830078125,
        "0601_18": 132.6287841796875,
        "0601_19": 34.66994094848633,
        "0601_20": 0.0,
        "0615_08": 263.9244689941406,
        "0615_09": 344.6066589355469,
        "0615_10": 445.124755859375,
        "0615_11": 502.1441650390625,
        "0615_12": 564.2735595703125,
        "0615_13": 518.4033813476562,
        "0615_14": 516.2903442382812,
        "0615_15": 445.4123229980469,
        "0615_16": 366.7860412597656,
        "0615_17": 280.7146301269531,
        "0615_18": 137.40452575683594,
        "0615_19": 46.856346130371094,
        "0615_20": 8.188812255859375,
        "0701_08": 262.8006591796875,
        "0701_09": 343.1474304199219,
        "0701_10": 411.1265869140625,
        "0701_11": 500.3094177246094,
        "0701_12": 562.2725830078125,
        "0701_13": 516.5782470703125,
        "0701_14": 491.83740234375,
        "0701_15": 443.8153381347656,
        "0701_16": 365.3043518066406,
        "0701_17": 279.25238037109375,
        "0701_18": 136.3566436767578,
        "0701_19": 42.582916259765625,
        "0701_20": 0.0,
        "0715_08": 256.9699401855469,
        "0715_09": 323.8980712890625,
        "0715_10": 411.6783447265625,
        "0715_11": 493.83404541015625,
        "0715_12": 516.5347900390625,
        "0715_13": 509.5602722167969,
        "0715_14": 485.9866638183594,
        "0715_15": 421.7490234375,
        "0715_16": 352.4224853515625,
        "0715_17": 240.8802490234375,
        "0715_18": 131.21694946289062,
        "0715_19": 33.1888427734375,
        "0715_20": 0.0,
        "0801_08": 243.11428833007812,
        "0801_09": 327.11138916015625,
        "0801_10": 413.6091613769531,
        "0801_11": 471.0310363769531,
        "0801_12": 502.29559326171875,
        "0801_13": 494.13616943359375,
        "0801_14": 482.0926818847656,
        "0801_15": 402.88934326171875,
        "0801_16": 329.2193298339844,
        "0801_17": 239.1802978515625,
        "0801_18": 112.28492736816406,
        "0801_19": 23.938901901245117,
        "0801_20": 0.0,
        "0815_08": 226.75100708007812,
        "0815_09": 294.09222412109375,
        "0815_10": 391.7207336425781,
        "0815_11": 449.2871398925781,
        "0815_12": 468.6810607910156,
        "0815_13": 460.0172119140625,
        "0815_14": 463.3730163574219,
        "0815_15": 379.7443542480469,
        "0815_16": 302.485107421875,
        "0815_17": 219.0723876953125,
        "0815_18": 76.9073486328125,
        "0815_19": 12.713080406188965,
        "0815_20": 0.0,
        "0901_08": 182.26258850097656,
        "0901_09": 261.6463623046875,
        "0901_10": 336.0347900390625,
        "0901_11": 406.5591125488281,
        "0901_12": 441.18267822265625,
        "0901_13": 427.2530517578125,
        "0901_14": 424.0675354003906,
        "0901_15": 338.8538818359375,
        "0901_16": 265.7902526855469,
        "0901_17": 164.6884002685547,
        "0901_18": 31.38385009765625,
        "0901_19": 0.0,
        "0901_20": 0.0,
        "0915_08": 149.1947784423828,
        "0915_09": 219.9680633544922,
        "0915_10": 291.8057861328125,
        "0915_11": 363.6617431640625,
        "0915_12": 371.17181396484375,
        "0915_13": 389.3716125488281,
        "0915_14": 380.1845703125,
        "0915_15": 311.0111999511719,
        "0915_16": 218.80101013183594,
        "0915_17": 126.48574829101562,
        "0915_18": 17.17738151550293,
        "0915_19": 0.0,
        "0915_20": 0.0,
        "osm_id": 124143845,
        "beschränkung": "Kostenfrei",
        "leisure": "playground"
      }
    },
    {
      "type": "Feature",
      "geometry": {
        "type": "Point",
        "coordinates": [
          8.784336866666667,
          49.39168367777777
        ]
      },
      "properties": {
        "0401_08": 127.89189147949219,
        "0401_09": 226.07162475585938,
        "0401_10": 324.56463623046875,
        "0401_11": 383.5789794921875,
        "0401_12": 434.79779052734375,
        "0401_13": 389.7524719238281,
        "0401_14": 340.76470947265625,
        "0401_15": 258.6179504394531,
        "0401_16": 148.35861206054688,
        "0401_17": 88.0121841430664,
        "0401_18": 24.471965789794922,
        "0401_19": 0.0,
        "0401_20": 0.0,
        "0415_08": 185.6893310546875,
        "0415_09": 294.54669189453125,
        "0415_10": 391.2065124511719,
        "0415_11": 468.39898681640625,
        "0415_12": 499.04290771484375,
        "0415_13": 466.92413330078125,
        "0415_14": 399.68328857421875,
        "0415_15": 321.50439453125,
        "0415_16": 194.87081909179688,
        "0415_17": 114.8078384399414,
        "0415_18": 40.30954360961914,
        "0415_19": 0.0,
        "0415_20": 0.0,
        "0501_08": 241.90977478027344,
        "0501_09": 351.8835754394531,
        "0501_10": 487.4779968261719,
        "0501_11": 523.3858642578125,
        "0501_12": 555.6953735351562,
        "0501_13": 534.6441040039062,
        "0501_14": 488.8628845214844,
        "0501_15": 376.1380310058594,
        "0501_16": 256.30517578125,
        "0501_17": 154.126953125,
        "0501_18": 54.581417083740234,
        "0501_19": 17.890216827392578,
        "0501_20": 0.0,
        "0515_08": 301.0997009277344,
        "0515_09": 412.0794677734375,
        "0515_10": 530.1849975585938,
        "0515_11": 572.6351928710938,
        "0515_12": 605.7501831054688,
        "0515_13": 576.1009521484375,
        "0515_14": 530.600341796875,
        "0515_15": 426.7796325683594,
        "0515_16": 295.168212890625,
        "0515_17": 186.32505798339844,
        "0515_18": 101.3143310546875,
        "0515_19": 29.996103286743164,
        "0515_20": 0.0,
        "0601_08": 344.71746826171875,
        "0601_09": 478.71826171875,
        "0601_10": 556.2869262695312,
        "0601_11": 632.1756591796875,
        "0601_12": 656.4542236328125,
        "0601_13": 632.4157104492188,
        "0601_14": 560.5208129882812,
        "0601_15": 457.9772033691406,
        "0601_16": 329.73297119140625,
        "0601_17": 209.52369689941406,
        "0601_18": 117.65601348876953,
        "0601_19": 39.41511535644531,
        "0601_20": 0.0,
        "0615_08": 357.7105712890625,
        "0615_09": 484.5911865234375,
        "0615_10": 564.4190673828125,
        "0615_11": 617.5109252929688,
        "0615_12": 664.6044311523438,
        "0615_13": 647.5616455078125,
        "0615_14": 572.5330810546875,
        "0615_15": 476.4652099609375,
        "0615_16": 346.23529052734375,
        "0615_17": 235.58087158203125,
        "0615_18": 124.54399108886719,
        "0615_19": 42.89654541015625,
        "0615_20": 9.30742073059082,
        "0701_08": 352.16839599609375,
        "0701_09": 482.6133728027344,
        "0701_10": 559.5338134765625,
        "0701_11": 615.296875,
        "0701_12": 662.294921875,
        "0701_13": 645.2577514648438,
        "0701_14": 565.3901977539062,
        "0701_15": 474.4013977050781,
        "0701_16": 344.5028381347656,
        "0701_17": 234.1427001953125,
        "0701_18": 122.82745361328125,
        "0701_19": 42.26737594604492,
        "0701_20": 0.0,
        "0715_08": 342.5317077636719,
        "0715_09": 463.7266540527344,
        "0715_10": 550.52783203125,
        "0715_11": 624.0951538085938,
        "0715_12": 650.2052612304688,
        "0715_13": 619.9599609375,
        "0715_14": 548.8865356445312,
        "0715_15": 448.4503173828125,
        "0715_16": 323.3878479003906,
        "0715_17": 206.1864776611328,
        "0715_18": 116.67155456542969,
        "0715_19": 37.73125457763672,
        "0715_20": 0.0,
        "0801_08": 279.142333984375,
        "0801_09": 399.612548828125,
        "0801_10": 505.1378173828125,
        "0801_11": 562.9793701171875,
        "0801_12": 595.6790771484375,
        "0801_13": 566.4974975585938,
        "0801_14": 512.2047729492188,
        "0801_15": 401.76513671875,
        "0801_16": 282.2338562011719,
        "0801_17": 175.17965698242188,
        "0801_18": 92.3015365600586,
        "0801_19": 27.21491813659668,
        "0801_20": 0.0,
        "0815_08": 227.27117919921875,
        "0815_09": 342.7181396484375,
        "0815_10": 477.2337341308594,
        "0815_11": 511.03125,
        "0815_12": 543.62646484375,
        "0815_13": 518.228271484375,
        "0815_14": 479.9198303222656,
        "0815_15": 356.3372802734375,
        "0815_16": 241.27523803710938,
        "0815_17": 146.08140563964844,
        "0815_18": 51.47286605834961,
        "0815_19": 14.4522123336792,
        "0815_20": 0.0,
        "0901_08": 159.201171875,
        "0901_09": 269.74945068359375,
        "0901_10": 373.0834655761719,
        "0901_11": 432.7320556640625,
        "0901_12": 473.8423767089844,
        "0901_13": 436.6381530761719,
        "0901_14": 379.3453674316406,
        "0901_15": 296.5186462402344,
        "0901_16": 184.4486846923828,
        "0901_17": 108.3994369506836,
        "0901_18": 35.68031692504883,
        "0901_19": 0.0,
        "0901_20": 0.0,
        "0915_08": 121.00373077392578,
        "0915_09": 200.58604431152344,
        "0915_10": 295.8146667480469,
        "0915_11": 379.67047119140625,
        "0915_12": 399.5374450683594,
        "0915_13": 368.60247802734375,
        "0915_14": 321.6353454589844,
        "0915_15": 233.72268676757812,
        "0915_16": 140.1628875732422,
        "0915_17": 79.37931060791016,
        "0915_18": 19.52902603149414,
        "0915_19": 0.0,
        "0915_20": 0.0,
        "osm_id": 124283504,
        "beschränkung": "Kostenfrei",
        "leisure": "playground"
      }
    },
    {
      "type": "Feature",
      "geometry": {
        "type": "Point",
        "coordinates": [
          8.838938933333333,
          49.397331811111115
        ]
      },
      "properties": {
        "0401_08": 142.78321838378906,
        "0401_09": 220.3269500732422,
        "0401_10": 302.4653625488281,
        "0401_11": 377.9464416503906,
        "0401_12": 434.4829406738281,
        "0401_13": 443.9241638183594,
        "0401_14": 438.2252502441406,
        "0401_15": 367.0019226074219,
        "0401_16": 249.2405548095703,
        "0401_17": 155.68470764160156,
        "0401_18": 31.066987991333008,
        "0401_19": 0.0,
        "0401_20": 0.0,
        "0415_08": 163.06153869628906,
        "0415_09": 252.31744384765625,
        "0415_10": 353.0033874511719,
        "0415_11": 425.0335388183594,
        "0415_12": 491.6144104003906,
        "0415_13": 517.7483520507812,
        "0415_14": 485.8180847167969,
        "0415_15": 409.1445617675781,
        "0415_16": 310.06317138671875,
        "0415_17": 207.71762084960938,
        "0415_18": 73.38871765136719,
        "0415_19": 0.0,
        "0415_20": 0.0,
        "0501_08": 188.4159698486328,
        "0501_09": 283.4681396484375,
        "0501_10": 399.5703125,
        "0501_11": 469.1330261230469,
        "0501_12": 543.8330078125,
        "0501_13": 568.4548950195312,
        "0501_14": 531.8619995117188,
        "0501_15": 465.832763671875,
        "0501_16": 360.20098876953125,
        "0501_17": 281.65484619140625,
        "0501_18": 119.95523834228516,
        "0501_19": 16.11272430419922,
        "0501_20": 0.0,
        "0515_08": 213.09970092773438,
        "0515_09": 306.842529296875,
        "0515_10": 420.1360778808594,
        "0515_11": 504.2093200683594,
        "0515_12": 586.7971801757812,
        "0515_13": 599.0089721679688,
        "0515_14": 573.3310546875,
        "0515_15": 490.48541259765625,
        "0515_16": 400.06134033203125,
        "0515_17": 313.7005615234375,
        "0515_18": 180.18179321289062,
        "0515_19": 42.63814163208008,
        "0515_20": 0.0,
        "0601_08": 235.78562927246094,
        "0601_09": 340.11181640625,
        "0601_10": 432.2582702636719,
        "0601_11": 533.1838989257812,
        "0601_12": 603.252197265625,
        "0601_13": 619.0972900390625,
        "0601_14": 590.1759033203125,
        "0601_15": 525.95263671875,
        "0601_16": 436.03277587890625,
        "0601_17": 335.6629943847656,
        "0601_18": 218.4617156982422,
        "0601_19": 71.6912612915039,
        "0601_20": 0.0,
        "0615_08": 236.4279327392578,
        "0615_09": 352.38702392578125,
        "0615_10": 435.704345703125,
        "0615_11": 546.798583984375,
        "0615_12": 618.5072021484375,
        "0615_13": 637.4979248046875,
        "0615_14": 604.8917846679688,
        "0615_15": 539.2137451171875,
        "0615_16": 447.09124755859375,
        "0615_17": 349.2584228515625,
        "0615_18": 235.0622100830078,
        "0615_19": 89.06263732910156,
        "0615_20": 8.392086029052734,
        "0701_08": 235.24404907226562,
        "0701_09": 347.63519287109375,
        "0701_10": 434.1231384277344,
        "0701_11": 545.01318359375,
        "0701_12": 616.5252075195312,
        "0701_13": 631.99609375,
        "0701_14": 602.9680786132812,
        "0701_15": 532.7192993164062,
        "0701_16": 445.1946716308594,
        "0701_17": 347.300048828125,
        "0701_18": 231.91700744628906,
        "0701_19": 87.58110809326172,
        "0701_20": 0.0,
        "0715_08": 232.5450897216797,
        "0715_09": 331.6231689453125,
        "0715_10": 438.1553039550781,
        "0715_11": 528.5125122070312,
        "0715_12": 597.969482421875,
        "0715_13": 613.7816162109375,
        "0715_14": 594.196533203125,
        "0715_15": 520.7214965820312,
        "0715_16": 427.5870361328125,
        "0715_17": 328.70343017578125,
        "0715_18": 209.59173583984375,
        "0715_19": 68.2072982788086,
        "0715_20": 0.0,
        "0801_08": 203.98814392089844,
        "0801_09": 297.1883850097656,
        "0801_10": 412.8388366699219,
        "0801_11": 491.0060119628906,
        "0801_12": 568.9281005859375,
        "0801_13": 579.9814453125,
        "0801_14": 561.5960083007812,
        "0801_15": 482.0700378417969,
        "0801_16": 388.0095520019531,
        "0801_17": 305.1273193359375,
        "0801_18": 164.06553649902344,
        "0801_19": 34.24966049194336,
        "0801_20": 0.0,
        "0815_08": 178.25511169433594,
        "0815_09": 276.75372314453125,
        "0815_10": 391.1003112792969,
        "0815_11": 454.5831604003906,
        "0815_12": 530.8574829101562,
        "0815_13": 552.3316650390625,
        "0815_14": 539.3555297851562,
        "0815_15": 440.0801696777344,
        "0815_16": 350.3515930175781,
        "0815_17": 269.272216796875,
        "0815_18": 108.02603149414062,
        "0815_19": 13.352953910827637,
        "0815_20": 0.0,
        "0901_08": 156.33998107910156,
        "0901_09": 243.87246704101562,
        "0901_10": 334.0581359863281,
        "0901_11": 411.6405334472656,
        "0901_12": 473.5010986328125,
        "0901_13": 492.688232421875,
        "0901_14": 463.9386901855469,
        "0901_15": 394.14105224609375,
        "0901_16": 281.5199890136719,
        "0901_17": 191.91607666015625,
        "0901_18": 60.09446334838867,
        "0901_19": 0.0,
        "0901_20": 0.0,
        "0915_08": 136.25650024414062,
        "0915_09": 207.6352081298828,
        "0915_10": 292.3728332519531,
        "0915_11": 359.5918884277344,
        "0915_12": 412.8645324707031,
        "0915_13": 425.0642395019531,
        "0915_14": 414.1221923828125,
        "0915_15": 344.34716796875,
        "0915_16": 236.21664428710938,
        "0915_17": 141.3304443359375,
        "0915_18": 23.702377319335938,
        "0915_19": 0.0,
        "0915_20": 0.0,
        "osm_id": 126245221,
        "beschränkung": "Kostenfrei",
        "access": "yes",
        "leisure": "playground"
      }
    },
    {
      "type": "Feature",
      "geometry": {
        "type": "Point",
        "coordinates": [
          8.804357750000001,
          49.399882999999996
        ]
      },
      "properties": {
        "0401_08": 271.7713623046875,
        "0401_09": 423.5331115722656,
        "0401_10": 548.2483520507812,
        "0401_11": 639.1377563476562,
        "0401_12": 683.3952026367188,
        "0401_13": 673.7090454101562,
        "0401_14": 598.1619873046875,
        "0401_15": 490.211669921875,
        "0401_16": 329.2689208984375,
        "0401_17": 155.3826141357422,
        "0401_18": 26.719152450561523,
        "0401_19": 0.0,
        "0401_20": 0.0,
        "0415_08": 346.7673645019531,
        "0415_09": 498.1900939941406,
        "0415_10": 623.1355590820312,
        "0415_11": 710.6976318359375,
        "0415_12": 743.9605102539062,
        "0415_13": 738.0338134765625,
        "0415_14": 671.3340454101562,
        "0415_15": 566.534912109375,
        "0415_16": 401.56884765625,
        "0415_17": 221.53460693359375,
        "0415_18": 44.01165771484375,
        "0415_19": 0.0,
        "0415_20": 0.0,
        "0501_08": 401.8452453613281,
        "0501_09": 547.8787841796875,
        "0501_10": 678.1318359375,
        "0501_11": 764.4698486328125,
        "0501_12": 802.760009765625,
        "0501_13": 791.6195068359375,
        "0501_14": 727.0476684570312,
        "0501_15": 609.9766235351562,
        "0501_16": 460.1751708984375,
        "0501_17": 291.19354248046875,
        "0501_18": 59.594444274902344,
        "0501_19": 19.545433044433594,
        "0501_20": 0.0,
        "0515_08": 439.0340881347656,
        "0515_09": 582.7395629882812,
        "0515_10": 712.691650390625,
        "0515_11": 797.0242309570312,
        "0515_12": 834.4271850585938,
        "0515_13": 823.787841796875,
        "0515_14": 761.1181640625,
        "0515_15": 650.656005859375,
        "0515_16": 511.18603515625,
        "0515_17": 334.719482421875,
        "0515_18": 69.45265197753906,
        "0515_19": 32.762481689453125,
        "0515_20": 0.0,
        "0601_08": 470.31060791015625,
        "0601_09": 617.5475463867188,
        "0601_10": 737.907958984375,
        "0601_11": 820.1552734375,
        "0601_12": 856.6305541992188,
        "0601_13": 846.4306640625,
        "0601_14": 785.6096801757812,
        "0601_15": 689.62939453125,
        "0601_16": 545.7683715820312,
        "0601_17": 364.8357849121094,
        "0601_18": 109.80121612548828,
        "0601_19": 43.04589080810547,
        "0601_20": 0.0,
        "0615_08": 482.1136474609375,
        "0615_09": 626.689697265625,
        "0615_10": 746.2474365234375,
        "0615_11": 827.5125122070312,
        "0615_12": 864.9146728515625,
        "0615_13": 853.5352172851562,
        "0615_14": 799.96142578125,
        "0615_15": 698.891357421875,
        "0615_16": 556.3895263671875,
        "0615_17": 396.015625,
        "0615_18": 146.3169403076172,
        "0615_19": 46.846778869628906,
        "0615_20": 10.185165405273438,
        "0701_08": 479.36724853515625,
        "0701_09": 623.748779296875,
        "0701_10": 743.2009887695312,
        "0701_11": 824.4226684570312,
        "0701_12": 861.7752685546875,
        "0701_13": 850.42236328125,
        "0701_14": 790.4526977539062,
        "0701_15": 695.817626953125,
        "0701_16": 553.447021484375,
        "0701_17": 393.2309875488281,
        "0701_18": 133.0298309326172,
        "0701_19": 46.15983581542969,
        "0701_20": 0.0,
        "0715_08": 462.9864807128906,
        "0715_09": 601.5665283203125,
        "0715_10": 729.6659545898438,
        "0715_11": 811.7666015625,
        "0715_12": 848.1773071289062,
        "0715_13": 837.968994140625,
        "0715_14": 777.210693359375,
        "0715_15": 676.3384399414062,
        "0715_16": 537.8709716796875,
        "0715_17": 357.9786071777344,
        "0715_18": 121.96363830566406,
        "0715_19": 41.20743179321289,
        "0715_20": 0.0,
        "0801_08": 427.06634521484375,
        "0801_09": 569.8316650390625,
        "0801_10": 698.74169921875,
        "0801_11": 782.7115478515625,
        "0801_12": 819.9534912109375,
        "0801_13": 809.310791015625,
        "0801_14": 746.82861328125,
        "0801_15": 636.9559936523438,
        "0801_16": 498.1735534667969,
        "0801_17": 323.5284423828125,
        "0801_18": 66.76885223388672,
        "0801_19": 29.725915908813477,
        "0801_20": 0.0,
        "0815_08": 384.9908142089844,
        "0815_09": 531.7311401367188,
        "0815_10": 660.4050903320312,
        "0815_11": 746.1211547851562,
        "0815_12": 784.1343383789062,
        "0815_13": 773.0054931640625,
        "0815_14": 708.7864379882812,
        "0815_15": 592.7975463867188,
        "0815_16": 444.44232177734375,
        "0815_17": 277.9851379394531,
        "0815_18": 56.20039749145508,
        "0815_19": 15.791678428649902,
        "0815_20": 0.0,
        "0901_08": 310.9541320800781,
        "0901_09": 464.19061279296875,
        "0901_10": 598.6129150390625,
        "0901_11": 674.303466796875,
        "0901_12": 718.2245483398438,
        "0901_13": 712.0587158203125,
        "0901_14": 645.8421630859375,
        "0901_15": 537.3959350585938,
        "0901_16": 373.0170593261719,
        "0901_17": 202.72564697265625,
        "0901_18": 38.95720291137695,
        "0901_19": 0.0,
        "0901_20": 0.0,
        "0915_08": 250.43016052246094,
        "0915_09": 397.64874267578125,
        "0915_10": 523.2167358398438,
        "0915_11": 612.338134765625,
        "0915_12": 649.9129638671875,
        "0915_13": 645.9271240234375,
        "0915_14": 571.5595703125,
        "0915_15": 465.1824951171875,
        "0915_16": 306.0483703613281,
        "0915_17": 141.28443908691406,
        "0915_18": 21.322107315063477,
        "0915_19": 0.0,
        "0915_20": 0.0,
        "osm_id": 179156832,
        "beschränkung": "Kostenfrei",
        "leisure": "playground",
        "ref": "Kraichgaustraße 1/1"
      }
    },
    {
      "type": "Feature",
      "geometry": {
        "type": "Point",
        "coordinates": [
          8.83995122,
          49.38061784
        ]
      },
      "properties": {
        "0401_08": 85.78665924072266,
        "0401_09": 115.42093658447266,
        "0401_10": 170.7113800048828,
        "0401_11": 237.6964111328125,
        "0401_12": 337.5658874511719,
        "0401_13": 332.4989318847656,
        "0401_14": 393.5480041503906,
        "0401_15": 373.8783874511719,
        "0401_16": 307.1042785644531,
        "0401_17": 199.29592895507812,
        "0401_18": 22.081680297851562,
        "0401_19": 0.0,
        "0401_20": 0.0,
        "0415_08": 109.6322250366211,
        "0415_09": 134.14036560058594,
        "0415_10": 215.4344482421875,
        "0415_11": 294.1498718261719,
        "0415_12": 401.15478515625,
        "0415_13": 437.4411315917969,
        "0415_14": 476.82342529296875,
        "0415_15": 431.9327087402344,
        "0415_16": 365.4333801269531,
        "0415_17": 254.96405029296875,
        "0415_18": 115.07295989990234,
        "0415_19": 0.0,
        "0415_20": 0.0,
        "0501_08": 124.83248138427734,
        "0501_09": 167.42613220214844,
        "0501_10": 274.9368896484375,
        "0501_11": 344.8569641113281,
        "0501_12": 467.5087585449219,
        "0501_13": 493.8683166503906,
        "0501_14": 527.4363403320312,
        "0501_15": 478.7184143066406,
        "0501_16": 420.06842041015625,
        "0501_17": 311.54425048828125,
        "0501_18": 177.1563262939453,
        "0501_19": 16.12888526916504,
        "0501_20": 0.0,
        "0515_08": 142.80931091308594,
        "0515_09": 191.46453857421875,
        "0515_10": 291.71588134765625,
        "0515_11": 383.35467529296875,
        "0515_12": 509.9953308105469,
        "0515_13": 536.9090576171875,
        "0515_14": 554.5533447265625,
        "0515_15": 519.9315795898438,
        "0515_16": 451.30279541015625,
        "0515_17": 342.91326904296875,
        "0515_18": 221.95945739746094,
        "0515_19": 27.052871704101562,
        "0515_20": 0.0,
        "0601_08": 139.92491149902344,
        "0601_09": 218.35455322265625,
        "0601_10": 316.5486145019531,
        "0601_11": 434.3344421386719,
        "0601_12": 547.2205200195312,
        "0601_13": 569.5891723632812,
        "0601_14": 585.3243408203125,
        "0601_15": 558.0261840820312,
        "0601_16": 471.50701904296875,
        "0601_17": 366.76123046875,
        "0601_18": 252.16250610351562,
        "0601_19": 93.03632354736328,
        "0601_20": 0.0,
        "0615_08": 147.45077514648438,
        "0615_09": 231.90347290039062,
        "0615_10": 337.66180419921875,
        "0615_11": 451.9334411621094,
        "0615_12": 552.921875,
        "0615_13": 568.5689697265625,
        "0615_14": 589.8868408203125,
        "0615_15": 563.2861938476562,
        "0615_16": 486.4841003417969,
        "0615_17": 392.3644104003906,
        "0615_18": 262.87261962890625,
        "0615_19": 128.5218963623047,
        "0615_20": 8.372464179992676,
        "0701_08": 144.5038604736328,
        "0701_09": 231.0278778076172,
        "0701_10": 336.48846435546875,
        "0701_11": 450.38055419921875,
        "0701_12": 551.0410766601562,
        "0701_13": 566.7044677734375,
        "0701_14": 587.8206176757812,
        "0701_15": 561.1466674804688,
        "0701_16": 484.3067932128906,
        "0701_17": 390.0553894042969,
        "0701_18": 260.6231994628906,
        "0701_19": 126.07428741455078,
        "0701_20": 0.0,
        "0715_08": 138.38238525390625,
        "0715_09": 216.03054809570312,
        "0715_10": 321.8677673339844,
        "0715_11": 422.0504455566406,
        "0715_12": 542.237548828125,
        "0715_13": 564.4478759765625,
        "0715_14": 579.7053833007812,
        "0715_15": 543.6680908203125,
        "0715_16": 465.7099914550781,
        "0715_17": 360.9216003417969,
        "0715_18": 245.21163940429688,
        "0715_19": 70.16532897949219,
        "0715_20": 0.0,
        "0801_08": 135.222900390625,
        "0801_09": 182.6922607421875,
        "0801_10": 292.2593078613281,
        "0801_11": 377.46270751953125,
        "0801_12": 495.7664794921875,
        "0801_13": 528.4973754882812,
        "0801_14": 551.0982055664062,
        "0801_15": 507.2899169921875,
        "0801_16": 441.3927917480469,
        "0801_17": 333.1282958984375,
        "0801_18": 203.58184814453125,
        "0801_19": 24.543344497680664,
        "0801_20": 0.0,
        "0815_08": 117.87055206298828,
        "0815_09": 158.79217529296875,
        "0815_10": 270.86627197265625,
        "0815_11": 338.72235107421875,
        "0815_12": 449.6824645996094,
        "0815_13": 482.2410583496094,
        "0815_14": 515.84423828125,
        "0815_15": 467.0074462890625,
        "0815_16": 407.7412414550781,
        "0815_17": 295.60321044921875,
        "0815_18": 166.76498413085938,
        "0815_19": 13.026749610900879,
        "0815_20": 0.0,
        "0901_08": 103.73567199707031,
        "0901_09": 130.06057739257812,
        "0901_10": 196.7077178955078,
        "0901_11": 268.1661376953125,
        "0901_12": 381.006103515625,
        "0901_13": 400.0984191894531,
        "0901_14": 452.792724609375,
        "0901_15": 409.5926818847656,
        "0901_16": 339.7451171875,
        "0901_17": 237.0635986328125,
        "0901_18": 94.62676239013672,
        "0901_19": 0.0,
        "0901_20": 0.0,
        "0915_08": 81.89985656738281,
        "0915_09": 109.31690216064453,
        "0915_10": 165.0383758544922,
        "0915_11": 222.2180938720703,
        "0915_12": 300.8965148925781,
        "0915_13": 321.6120910644531,
        "0915_14": 376.3172912597656,
        "0915_15": 357.73504638671875,
        "0915_16": 287.1409912109375,
        "0915_17": 182.1559600830078,
        "0915_18": 17.62177848815918,
        "0915_19": 0.0,
        "0915_20": 0.0,
        "osm_id": 219968524,
        "beschränkung": "Kostenfrei",
        "leisure": "playground",
        "name": "Dilsbergerhof am Friedhof",
        "source:geometry": "HiRes aerial imagery"
      }
    },
    {
      "type": "Feature",
      "geometry": {
        "type": "Point",
        "coordinates": [
          8.805119483333334,
          49.397813883333335
        ]
      },
      "properties": {
        "0401_08": 234.7841339111328,
        "0401_09": 427.4742736816406,
        "0401_10": 567.42578125,
        "0401_11": 661.52197265625,
        "0401_12": 714.9647216796875,
        "0401_13": 700.2496948242188,
        "0401_14": 642.3987426757812,
        "0401_15": 521.7184448242188,
        "0401_16": 353.3038024902344,
        "0401_17": 168.57012939453125,
        "0401_18": 26.433687210083008,
        "0401_19": 0.0,
        "0401_20": 0.0,
        "0415_08": 326.2957763671875,
        "0415_09": 493.3346252441406,
        "0415_10": 624.9827880859375,
        "0415_11": 723.6707763671875,
        "0415_12": 772.577392578125,
        "0415_13": 763.17333984375,
        "0415_14": 705.7733764648438,
        "0415_15": 592.4321899414062,
        "0415_16": 430.0457763671875,
        "0415_17": 232.9458465576172,
        "0415_18": 43.78257751464844,
        "0415_19": 0.0,
        "0415_20": 0.0,
        "0501_08": 377.5805358886719,
        "0501_09": 535.8024291992188,
        "0501_10": 686.3157348632812,
        "0501_11": 776.845947265625,
        "0501_12": 821.4059448242188,
        "0501_13": 814.609130859375,
        "0501_14": 759.54345703125,
        "0501_15": 636.6388549804688,
        "0501_16": 485.3705749511719,
        "0501_17": 292.6446533203125,
        "0501_18": 125.15886688232422,
        "0501_19": 19.33344268798828,
        "0501_20": 0.0,
        "0515_08": 414.3358154296875,
        "0515_09": 568.3258666992188,
        "0515_10": 716.151611328125,
        "0515_11": 810.2115478515625,
        "0515_12": 853.421142578125,
        "0515_13": 846.7938232421875,
        "0515_14": 788.3638916015625,
        "0515_15": 671.7335815429688,
        "0515_16": 532.22216796875,
        "0515_17": 329.3912048339844,
        "0515_18": 162.25099182128906,
        "0515_19": 32.40940475463867,
        "0515_20": 0.0,
        "0601_08": 443.1366271972656,
        "0601_09": 609.8720703125,
        "0601_10": 741.09228515625,
        "0601_11": 831.0060424804688,
        "0601_12": 873.2930908203125,
        "0601_13": 867.1334838867188,
        "0601_14": 812.9696044921875,
        "0601_15": 707.8693237304688,
        "0601_16": 555.2843017578125,
        "0601_17": 353.7772216796875,
        "0601_18": 186.8827667236328,
        "0601_19": 42.58308029174805,
        "0601_20": 0.0,
        "0615_08": 454.3565368652344,
        "0615_09": 618.4090576171875,
        "0615_10": 750.2186279296875,
        "0615_11": 837.4149780273438,
        "0615_12": 879.2538452148438,
        "0615_13": 873.280029296875,
        "0615_14": 819.8685302734375,
        "0615_15": 716.0016479492188,
        "0615_16": 562.2314453125,
        "0615_17": 389.0387268066406,
        "0615_18": 199.07955932617188,
        "0615_19": 46.34341812133789,
        "0615_20": 10.07046127319336,
        "0701_08": 451.8386535644531,
        "0701_09": 615.6181640625,
        "0701_10": 745.6174926757812,
        "0701_11": 834.4468994140625,
        "0701_12": 876.2546997070312,
        "0701_13": 870.2669067382812,
        "0701_14": 816.8682861328125,
        "0701_15": 713.0422973632812,
        "0701_16": 559.4432983398438,
        "0701_17": 386.4895324707031,
        "0701_18": 197.14520263671875,
        "0701_19": 45.663814544677734,
        "0701_20": 0.0,
        "0715_08": 436.41400146484375,
        "0715_09": 587.7725219726562,
        "0715_10": 733.1905517578125,
        "0715_11": 822.9261474609375,
        "0715_12": 865.1143188476562,
        "0715_13": 858.9190673828125,
        "0715_14": 804.8067016601562,
        "0715_15": 688.245849609375,
        "0715_16": 547.7388305664062,
        "0715_17": 350.3403625488281,
        "0715_18": 183.7968292236328,
        "0715_19": 40.764259338378906,
        "0715_20": 0.0,
        "0801_08": 401.4578857421875,
        "0801_09": 556.158203125,
        "0801_10": 704.6846923828125,
        "0801_11": 796.3445434570312,
        "0801_12": 839.3302001953125,
        "0801_13": 832.6876220703125,
        "0801_14": 776.9507446289062,
        "0801_15": 658.3930053710938,
        "0801_16": 513.7551879882812,
        "0801_17": 318.976806640625,
        "0801_18": 150.25552368164062,
        "0801_19": 29.405277252197266,
        "0801_20": 0.0,
        "0815_08": 359.2896728515625,
        "0815_09": 520.5206909179688,
        "0815_10": 669.178955078125,
        "0815_11": 755.4473266601562,
        "0815_12": 803.3233642578125,
        "0815_13": 794.3964233398438,
        "0815_14": 741.515869140625,
        "0815_15": 619.6746826171875,
        "0815_16": 469.7718200683594,
        "0815_17": 276.7861633300781,
        "0815_18": 114.11601257324219,
        "0815_19": 15.619807243347168,
        "0815_20": 0.0,
        "0901_08": 269.2338562011719,
        "0901_09": 469.51239013671875,
        "0901_10": 601.5394897460938,
        "0901_11": 699.0104370117188,
        "0901_12": 747.2900390625,
        "0901_13": 737.9034423828125,
        "0901_14": 680.7666625976562,
        "0901_15": 560.0292358398438,
        "0901_16": 394.2269287109375,
        "0901_17": 215.24176025390625,
        "0901_18": 38.54086685180664,
        "0901_19": 0.0,
        "0901_20": 0.0,
        "0915_08": 219.828369140625,
        "0915_09": 401.2500915527344,
        "0915_10": 542.6991577148438,
        "0915_11": 635.173583984375,
        "0915_12": 682.7992553710938,
        "0915_13": 673.0442504882812,
        "0915_14": 615.528564453125,
        "0915_15": 496.6054382324219,
        "0915_16": 331.1018981933594,
        "0915_17": 151.85491943359375,
        "0915_18": 21.0943546295166,
        "0915_19": 0.0,
        "0915_20": 0.0,
        "osm_id": 391813740,
        "beschränkung": "Kostenfrei",
        "leisure": "playground",
        "name": "Hanna-Weis-Platz",
        "operator": "Stadt Neckargemünd"
      }
    },
    {
      "type": "Feature",
      "geometry": {
        "type": "Point",
        "coordinates": [
          8.85547653,
          49.38769285
        ]
      },
      "properties": {
        "0401_08": 157.63702392578125,
        "0401_09": 241.0679168701172,
        "0401_10": 310.07232666015625,
        "0401_11": 379.8143310546875,
        "0401_12": 439.28472900390625,
        "0401_13": 429.7652893066406,
        "0401_14": 387.7492980957031,
        "0401_15": 325.6015319824219,
        "0401_16": 223.59030151367188,
        "0401_17": 76.70830535888672,
        "0401_18": 23.519241333007812,
        "0401_19": 0.0,
        "0401_20": 0.0,
        "0415_08": 202.82093811035156,
        "0415_09": 289.2607727050781,
        "0415_10": 371.1704406738281,
        "0415_11": 461.0074768066406,
        "0415_12": 501.3751525878906,
        "0415_13": 501.2831115722656,
        "0415_14": 453.76593017578125,
        "0415_15": 381.6812744140625,
        "0415_16": 289.4607849121094,
        "0415_17": 176.32879638671875,
        "0415_18": 38.73997116088867,
        "0415_19": 0.0,
        "0415_20": 0.0,
        "0501_08": 235.7961883544922,
        "0501_09": 330.4239807128906,
        "0501_10": 437.7211608886719,
        "0501_11": 514.7471313476562,
        "0501_12": 564.7102661132812,
        "0501_13": 554.120849609375,
        "0501_14": 518.775634765625,
        "0501_15": 442.31768798828125,
        "0501_16": 351.1145935058594,
        "0501_17": 236.9363555908203,
        "0501_18": 60.216217041015625,
        "0501_19": 17.188390731811523,
        "0501_20": 0.0,
        "0515_08": 267.364990234375,
        "0515_09": 362.3697814941406,
        "0515_10": 474.37457275390625,
        "0515_11": 560.8013305664062,
        "0515_12": 609.99169921875,
        "0515_13": 594.2735595703125,
        "0515_14": 555.0672607421875,
        "0515_15": 471.6509704589844,
        "0515_16": 391.6701354980469,
        "0515_17": 272.0658874511719,
        "0515_18": 152.05511474609375,
        "0515_19": 28.823184967041016,
        "0515_20": 0.0,
        "0601_08": 288.92034912109375,
        "0601_09": 398.7605285644531,
        "0601_10": 509.2292175292969,
        "0601_11": 600.092041015625,
        "0601_12": 641.26416015625,
        "0601_13": 631.2670288085938,
        "0601_14": 586.48828125,
        "0601_15": 500.8136901855469,
        "0601_16": 421.2708435058594,
        "0601_17": 305.4083557128906,
        "0601_18": 189.1372833251953,
        "0601_19": 37.875728607177734,
        "0601_20": 0.0,
        "0615_08": 292.9092712402344,
        "0615_09": 410.332275390625,
        "0615_10": 528.8572387695312,
        "0615_11": 607.6640625,
        "0615_12": 652.3038940429688,
        "0615_13": 637.831787109375,
        "0615_14": 599.964111328125,
        "0615_15": 513.672607421875,
        "0615_16": 430.6143493652344,
        "0615_17": 333.4926452636719,
        "0615_18": 202.6663818359375,
        "0615_19": 57.223270416259766,
        "0615_20": 8.935157775878906,
        "0701_08": 290.4537048339844,
        "0701_09": 408.6624755859375,
        "0701_10": 524.2928466796875,
        "0701_11": 605.423828125,
        "0701_12": 649.9286499023438,
        "0701_13": 635.51123046875,
        "0701_14": 592.701171875,
        "0701_15": 511.5273132324219,
        "0701_16": 428.60198974609375,
        "0701_17": 331.38580322265625,
        "0701_18": 199.82867431640625,
        "0701_19": 52.6904411315918,
        "0701_20": 0.0,
        "0715_08": 285.08465576171875,
        "0715_09": 390.1002502441406,
        "0715_10": 507.080322265625,
        "0715_11": 592.2147216796875,
        "0715_12": 633.304443359375,
        "0715_13": 621.78466796875,
        "0715_14": 581.7628173828125,
        "0715_15": 490.43438720703125,
        "0715_16": 409.47845458984375,
        "0715_17": 300.21844482421875,
        "0715_18": 183.08102416992188,
        "0715_19": 36.257415771484375,
        "0715_20": 0.0,
        "0801_08": 260.4648132324219,
        "0801_09": 342.70892333984375,
        "0801_10": 469.47442626953125,
        "0801_11": 550.3316650390625,
        "0801_12": 592.108642578125,
        "0801_13": 580.8740234375,
        "0801_14": 544.244384765625,
        "0801_15": 457.8500671386719,
        "0801_16": 378.01092529296875,
        "0801_17": 263.93670654296875,
        "0801_18": 136.48727416992188,
        "0801_19": 26.150279998779297,
        "0801_20": 0.0,
        "0815_08": 227.83998107910156,
        "0815_09": 318.88726806640625,
        "0815_10": 431.1216125488281,
        "0815_11": 503.0074768066406,
        "0815_12": 548.303955078125,
        "0815_13": 539.3167724609375,
        "0815_14": 507.60455322265625,
        "0815_15": 425.9183654785156,
        "0815_16": 339.4244384765625,
        "0815_17": 224.54396057128906,
        "0815_18": 49.98545837402344,
        "0815_19": 13.884259223937988,
        "0815_20": 0.0,
        "0901_08": 185.6043701171875,
        "0901_09": 273.6103820800781,
        "0901_10": 350.61480712890625,
        "0901_11": 429.31353759765625,
        "0901_12": 474.47930908203125,
        "0901_13": 469.25408935546875,
        "0901_14": 434.4267883300781,
        "0901_15": 358.38800048828125,
        "0901_16": 266.8663330078125,
        "0901_17": 153.70742797851562,
        "0901_18": 34.29103469848633,
        "0901_19": 0.0,
        "0901_20": 0.0,
        "0915_08": 145.2912139892578,
        "0915_09": 223.667724609375,
        "0915_10": 291.2953186035156,
        "0915_11": 358.0426940917969,
        "0915_12": 397.5487060546875,
        "0915_13": 406.2487487792969,
        "0915_14": 372.81781005859375,
        "0915_15": 307.42724609375,
        "0915_16": 205.4686279296875,
        "0915_17": 55.57261276245117,
        "0915_18": 18.76882553100586,
        "0915_19": 0.0,
        "0915_20": 0.0,
        "osm_id": 865607273,
        "beschränkung": "Kostenfrei",
        "leisure": "playground"
      }
    },
    {
      "type": "Feature",
      "geometry": {
        "type": "Point",
        "coordinates": [
          8.7939437625,
          49.39309565
        ]
      },
      "properties": {
        "0401_08": 231.55287170410156,
        "0401_09": 365.9888610839844,
        "0401_10": 474.1622009277344,
        "0401_11": 560.8947143554688,
        "0401_12": 609.314697265625,
        "0401_13": 598.1456298828125,
        "0401_14": 522.7235717773438,
        "0401_15": 392.7319030761719,
        "0401_16": 243.3036346435547,
        "0401_17": 99.85982513427734,
        "0401_18": 26.311832427978516,
        "0401_19": 0.0,
        "0401_20": 0.0,
        "0415_08": 296.0320129394531,
        "0415_09": 435.211181640625,
        "0415_10": 548.501953125,
        "0415_11": 631.5216064453125,
        "0415_12": 677.5042114257812,
        "0415_13": 663.8839111328125,
        "0415_14": 592.1205444335938,
        "0415_15": 468.0332946777344,
        "0415_16": 316.268798828125,
        "0415_17": 139.393798828125,
        "0415_18": 43.34022903442383,
        "0415_19": 0.0,
        "0415_20": 0.0,
        "0501_08": 358.26495361328125,
        "0501_09": 498.8376770019531,
        "0501_10": 622.9006958007812,
        "0501_11": 689.2188110351562,
        "0501_12": 729.6544189453125,
        "0501_13": 724.2725219726562,
        "0501_14": 655.9732666015625,
        "0501_15": 524.5437622070312,
        "0501_16": 371.1516418457031,
        "0501_17": 201.7550506591797,
        "0501_18": 75.42383575439453,
        "0501_19": 19.237340927124023,
        "0501_20": 0.0,
        "0515_08": 402.60748291015625,
        "0515_09": 545.8997802734375,
        "0515_10": 654.885986328125,
        "0515_11": 739.1804809570312,
        "0515_12": 776.8958740234375,
        "0515_13": 764.8287963867188,
        "0515_14": 680.6211547851562,
        "0515_15": 564.9210205078125,
        "0515_16": 419.65960693359375,
        "0515_17": 258.1202697753906,
        "0515_18": 96.05824279785156,
        "0515_19": 32.253299713134766,
        "0515_20": 0.0,
        "0601_08": 434.5716247558594,
        "0601_09": 571.2447509765625,
        "0601_10": 681.2438354492188,
        "0601_11": 762.7099609375,
        "0601_12": 800.1253051757812,
        "0601_13": 789.022705078125,
        "0601_14": 709.0049438476562,
        "0601_15": 595.0509643554688,
        "0601_16": 446.4124450683594,
        "0601_17": 289.2038269042969,
        "0601_18": 124.62419128417969,
        "0601_19": 42.38036346435547,
        "0601_20": 0.0,
        "0615_08": 446.1994323730469,
        "0615_09": 586.739013671875,
        "0615_10": 699.6543579101562,
        "0615_11": 770.3551635742188,
        "0615_12": 811.3280639648438,
        "0615_13": 797.1590576171875,
        "0615_14": 724.3687744140625,
        "0615_15": 607.7455444335938,
        "0615_16": 458.9074401855469,
        "0615_17": 312.72344970703125,
        "0615_18": 141.09902954101562,
        "0615_19": 46.12350082397461,
        "0615_20": 10.011070251464844,
        "0701_08": 443.7358703613281,
        "0701_09": 584.003173828125,
        "0701_10": 689.7827758789062,
        "0701_11": 767.3565673828125,
        "0701_12": 808.2703247070312,
        "0701_13": 794.0546264648438,
        "0701_14": 717.8666381835938,
        "0701_15": 604.9000854492188,
        "0701_16": 456.3589782714844,
        "0701_17": 310.4941101074219,
        "0701_18": 137.1953125,
        "0701_19": 45.44702911376953,
        "0701_20": 0.0,
        "0715_08": 428.0432434082031,
        "0715_09": 562.9694213867188,
        "0715_10": 676.9722290039062,
        "0715_11": 754.586669921875,
        "0715_12": 791.8333740234375,
        "0715_13": 780.6434326171875,
        "0715_14": 707.7774047851562,
        "0715_15": 586.220458984375,
        "0715_16": 439.6102294921875,
        "0715_17": 283.63995361328125,
        "0715_18": 119.40958404541016,
        "0715_19": 40.56991958618164,
        "0715_20": 0.0,
        "0801_08": 387.81939697265625,
        "0801_09": 527.248779296875,
        "0801_10": 645.2536010742188,
        "0801_11": 725.3876342773438,
        "0801_12": 762.77978515625,
        "0801_13": 750.5935668945312,
        "0801_14": 680.0366821289062,
        "0801_15": 546.2513427734375,
        "0801_16": 401.3680114746094,
        "0801_17": 248.1200714111328,
        "0801_18": 89.6679916381836,
        "0801_19": 29.26302146911621,
        "0801_20": 0.0,
        "0815_08": 344.15301513671875,
        "0815_09": 479.6961364746094,
        "0815_10": 606.56103515625,
        "0815_11": 672.098388671875,
        "0815_12": 711.9794311523438,
        "0815_13": 702.905517578125,
        "0815_14": 638.5390014648438,
        "0815_15": 508.94671630859375,
        "0815_16": 357.7524719238281,
        "0815_17": 188.1649627685547,
        "0815_18": 70.46078491210938,
        "0815_19": 15.540855407714844,
        "0815_20": 0.0,
        "0901_08": 273.9820251464844,
        "0901_09": 408.473388671875,
        "0901_10": 521.6259765625,
        "0901_11": 605.5654296875,
        "0901_12": 652.9218139648438,
        "0901_13": 636.1897583007812,
        "0901_14": 568.4461669921875,
        "0901_15": 436.84686279296875,
        "0901_16": 293.3585510253906,
        "0901_17": 122.86532592773438,
        "0901_18": 38.36293029785156,
        "0901_19": 0.0,
        "0901_20": 0.0,
        "0915_08": 212.70164489746094,
        "0915_09": 337.5165710449219,
        "0915_10": 447.7917785644531,
        "0915_11": 534.0088500976562,
        "0915_12": 583.4147338867188,
        "0915_13": 569.5029907226562,
        "0915_14": 493.44482421875,
        "0915_15": 368.9349365234375,
        "0915_16": 220.38217163085938,
        "0915_17": 89.0390625,
        "0915_18": 20.997234344482422,
        "0915_19": 0.0,
        "0915_20": 0.0,
        "osm_id": 1531391217,
        "beschränkung": "Kostenfrei",
        "access": "yes",
        "description": "Das Spielen auf dem Schulhof ist für Kinder bis 14 Jahre von Montag bis Freitag 14.30 bis 18.30 erlaubt.",
        "leisure": "playground",
        "max_age": "14",
        "opening_hours": "Mo-Sa 14:30-18:30; Sa 09:30-13:30",
        "surface": "asphalt"
      }
    }
  ]
}